image_id,breed
7ede553357,diadophis-punctatus
3500b219e4,crotalus-viridis
d43a78d6d9,thamnophis-sirtalis
1f36f26994,opheodrys-aestivus
8cb85fc58e,pantherophis-guttatus
7176bcfe9a,thamnophis-elegans
27f2d0f582,pituophis-catenifer
43eebba928,natrix-natrix
180a56f143,pantherophis-alleghaniensis
07fd20e8bd,nerodia-sipedon
d6145eb8ef,nerodia-erythrogaster
43cf88006f,pantherophis-spiloides
545094975f,rhinocheilus-lecontei
de232d35ce,agkistrodon-piscivorus
f49f11daf4,thamnophis-proximus
be70c24805,haldea-striatula
8a68c61789,rhinocheilus-lecontei
e4a0afbde5,thamnophis-marcianus
5d046e4a57,crotalus-horridus
9450d432f1,pantherophis-vulpinus
24ae6b28c9,nerodia-fasciata
bbbcf461fd,masticophis-flagellum
25f864a129,thamnophis-elegans
9d63e29dab,crotalus-atrox
560a7820ef,storeria-dekayi
261a672081,heterodon-platirhinos
e08cecfcc8,pantherophis-emoryi
dcbaefa9de,thamnophis-radix
4757eec719,crotalus-scutulatus
7a5772b7df,nerodia-fasciata
756a3734d1,diadophis-punctatus
bcb51ed4fd,thamnophis-proximus
b28a9dbd17,pituophis-catenifer
84496bd65b,pantherophis-spiloides
97254f0a1e,crotalus-scutulatus
738e860bf3,heterodon-platirhinos
5b04af2d08,nerodia-fasciata
df1007a11e,masticophis-flagellum
71e4a3726c,thamnophis-proximus
9ec71badf5,pantherophis-guttatus
9aaf30ca4e,thamnophis-elegans
502dbd30e8,heterodon-platirhinos
6a0948343e,thamnophis-marcianus
a9c94931b4,pantherophis-emoryi
94f8b871bc,thamnophis-sirtalis
65be04e1a7,heterodon-platirhinos
553b5be83f,nerodia-sipedon
f156e4b9ad,lampropeltis-californiae
c195a35480,lampropeltis-californiae
ba36d77d65,thamnophis-radix
ac60cb4c64,crotalus-viridis
e99babb9da,crotalus-ruber
3f79415b22,thamnophis-sirtalis
07a7f4b8a2,agkistrodon-contortrix
8713b35996,lampropeltis-triangulum
8161aa3270,pantherophis-alleghaniensis
c084141ebb,storeria-occipitomaculata
3f264dfa93,crotalus-atrox
ac29145967,haldea-striatula
14cc5c0b07,masticophis-flagellum
0d53f3592b,thamnophis-marcianus
339702c73e,coluber-constrictor
d9282cfc2f,thamnophis-proximus
7cbb3598a5,natrix-natrix
7d23dd1a25,rhinocheilus-lecontei
302ae16a4f,lampropeltis-triangulum
665ce5599e,natrix-natrix
7fe9ccee38,opheodrys-aestivus
b4ee296fbe,pantherophis-emoryi
463302e361,crotalus-viridis
a18b060715,storeria-dekayi
72b767e027,nerodia-fasciata
28c9bd4b10,rhinocheilus-lecontei
a8cf67b3cd,crotalus-horridus
dc0bd440c3,lampropeltis-californiae
1b558cc89f,haldea-striatula
23a5181788,crotalus-viridis
17e5f4b5bf,coluber-constrictor
45708c6f17,crotalus-viridis
90e93122c1,thamnophis-radix
9aac958618,thamnophis-proximus
23f9ca3329,crotalus-viridis
3702f63d72,lampropeltis-triangulum
142b516abc,pantherophis-spiloides
db55095044,storeria-dekayi
2532449658,natrix-natrix
521ce40402,haldea-striatula
5bdb8079ed,thamnophis-sirtalis
2b88eaac56,heterodon-platirhinos
f11e311c90,haldea-striatula
75b79378c3,nerodia-sipedon
8f457bca60,crotalus-horridus
4aae3ed36b,crotalus-ruber
7e85692fa2,nerodia-fasciata
8557e64d0e,masticophis-flagellum
f590310834,crotalus-ruber
6ce6de9def,pantherophis-emoryi
5e13f84aae,storeria-occipitomaculata
3f595dc653,crotalus-horridus
28fc7c65cc,thamnophis-marcianus
2e6627723a,agkistrodon-contortrix
759223778f,thamnophis-marcianus
68e08979eb,lampropeltis-triangulum
b51b666b0a,thamnophis-sirtalis
1134c2556d,pantherophis-emoryi
e10bcc9899,lampropeltis-triangulum
4d84d06252,diadophis-punctatus
71792ec7f9,opheodrys-aestivus
87fff43cf4,pantherophis-emoryi
d0d91b6a16,thamnophis-radix
b1606f2410,pantherophis-spiloides
f9a3564f88,crotalus-atrox
8bdccf2baf,storeria-occipitomaculata
abbfa54027,pantherophis-alleghaniensis
ca469b7a27,pantherophis-guttatus
95a51a0fcd,crotalus-viridis
8ef78ef2d3,agkistrodon-contortrix
e21af6d4b9,crotalus-atrox
221b1ee2f1,diadophis-punctatus
b2c3d5d9fb,pantherophis-obsoletus
526c9eac74,rhinocheilus-lecontei
a38e41fd76,coluber-constrictor
b2ba21f052,nerodia-fasciata
3b9b67ba03,thamnophis-proximus
327b772827,lampropeltis-triangulum
2afdb4999f,heterodon-platirhinos
0cbf1992d0,storeria-occipitomaculata
c822ae5d01,nerodia-rhombifer
5405370c87,masticophis-flagellum
092388daba,nerodia-rhombifer
99a3b654d0,agkistrodon-contortrix
e0f8e741d4,thamnophis-marcianus
5d9cf27241,nerodia-rhombifer
632bed91e6,pantherophis-obsoletus
83d7c726d0,heterodon-platirhinos
2555c7e7ce,pantherophis-vulpinus
2b9180fb4f,lampropeltis-triangulum
e211c36384,agkistrodon-piscivorus
06b96eed56,lampropeltis-triangulum
d8fe032fe4,lampropeltis-californiae
366c0f8d42,nerodia-rhombifer
be80579760,nerodia-fasciata
a4ff6226a3,thamnophis-proximus
53da6f2a06,rhinocheilus-lecontei
509628b6d3,lampropeltis-californiae
75206b0c2d,storeria-dekayi
c3e988cbe7,coluber-constrictor
bf3224d5bb,coluber-constrictor
2d45d24990,pantherophis-vulpinus
217a85c6a0,masticophis-flagellum
f910b4dafd,thamnophis-proximus
dbc89aa6fc,crotalus-viridis
e0c882d7b5,nerodia-fasciata
bbd20396ee,storeria-occipitomaculata
a9bd8d4550,thamnophis-elegans
f9315c3d9d,thamnophis-radix
c53c61ff1d,haldea-striatula
ae76c25b30,opheodrys-aestivus
0554b687c1,crotalus-ruber
8227ee21d5,coluber-constrictor
e63f970c24,thamnophis-elegans
5a7a965d51,crotalus-atrox
6f885777ae,nerodia-erythrogaster
c63d4c04d9,haldea-striatula
d678d67897,pantherophis-guttatus
03d156d9ee,thamnophis-marcianus
39d5cf451b,nerodia-rhombifer
c8583aa3f1,pantherophis-guttatus
72fd0c7625,storeria-dekayi
89428de91a,nerodia-sipedon
e3ad957f8f,pantherophis-alleghaniensis
4b49ad90af,nerodia-rhombifer
e4ff7155e8,natrix-natrix
eaa331f24e,crotalus-horridus
28edbbefda,agkistrodon-piscivorus
aa1015e3c8,pituophis-catenifer
644033bba9,nerodia-erythrogaster
c612cc9390,diadophis-punctatus
6870b31b63,storeria-dekayi
b22d6d545d,storeria-dekayi
bf1adbeecc,coluber-constrictor
16e1861f42,heterodon-platirhinos
8e7302d0c7,crotalus-ruber
473b09a338,nerodia-sipedon
80da1ca7fe,pantherophis-spiloides
c3e38fc290,pantherophis-obsoletus
901a78b5f6,pantherophis-obsoletus
250946e33d,thamnophis-elegans
71bb3b775f,thamnophis-sirtalis
58e653c556,rhinocheilus-lecontei
ff0d70fb78,pituophis-catenifer
bbbaf02d7b,thamnophis-marcianus
a8729cbe08,thamnophis-proximus
e754670fa9,thamnophis-proximus
d51800edfc,haldea-striatula
54705e5068,pantherophis-alleghaniensis
2d26350d5f,crotalus-atrox
65ea1d3d84,nerodia-erythrogaster
fc2019398b,thamnophis-proximus
76bc77c3be,opheodrys-aestivus
ae5258ea04,storeria-occipitomaculata
8d8734a395,crotalus-scutulatus
a6ac17e3d8,crotalus-viridis
2ca8252168,pantherophis-emoryi
d81bbe11bb,crotalus-ruber
fb1ea63ee1,nerodia-fasciata
d7b6ef28af,diadophis-punctatus
fe015ee591,haldea-striatula
e4f9ad2007,coluber-constrictor
26758bec6d,pantherophis-vulpinus
23dd09c2b6,heterodon-platirhinos
7c34e2cdec,thamnophis-radix
6ec294cf12,pantherophis-emoryi
36d521dbd5,storeria-occipitomaculata
9a6e35d716,coluber-constrictor
8bbc299a40,haldea-striatula
fd5e259ea8,agkistrodon-contortrix
db292dcc3b,crotalus-atrox
f481c83182,crotalus-ruber
4245d68d46,masticophis-flagellum
59e640bb91,masticophis-flagellum
36c233f563,pantherophis-vulpinus
bc3799b2df,natrix-natrix
9e937f940b,pantherophis-spiloides
9a7b588cb9,lampropeltis-triangulum
7ff5570d2f,agkistrodon-piscivorus
087903f361,rhinocheilus-lecontei
6e66f9667f,crotalus-ruber
60dd49f8d4,thamnophis-elegans
7064757509,heterodon-platirhinos
baa3f02141,agkistrodon-piscivorus
7dce396ff5,pantherophis-emoryi
30a99aee44,thamnophis-marcianus
665b29ab42,lampropeltis-triangulum
a443ddb908,agkistrodon-piscivorus
ac95eb1818,pantherophis-emoryi
05a6798995,thamnophis-sirtalis
0241586560,pantherophis-spiloides
ff45fac73c,lampropeltis-californiae
013c73ee17,thamnophis-elegans
b93e2f9f5b,nerodia-sipedon
2b1413378c,heterodon-platirhinos
9cb08cd05a,pantherophis-guttatus
13aa42a7e4,thamnophis-elegans
641e266e15,natrix-natrix
7b5344ccfd,heterodon-platirhinos
13cfe36156,crotalus-atrox
e3638b66ab,natrix-natrix
0f5042aa5a,thamnophis-proximus
79783161b7,rhinocheilus-lecontei
195c38795c,pantherophis-guttatus
0290d68533,pantherophis-emoryi
2a2b711e1e,agkistrodon-contortrix
51622421a7,agkistrodon-piscivorus
9f4c9e5d29,pantherophis-spiloides
55cf94ef25,pantherophis-obsoletus
8e3a442218,pituophis-catenifer
a5bd623c6a,pantherophis-emoryi
192dd2d4b7,thamnophis-marcianus
5b3791c4e4,crotalus-scutulatus
4f3bb6e01a,natrix-natrix
9316eb7237,thamnophis-marcianus
aa16a509cf,diadophis-punctatus
ad68959f68,nerodia-fasciata
072f7c5df5,natrix-natrix
e6fe591e18,nerodia-fasciata
eed4cc6dda,crotalus-viridis
6335735a8a,diadophis-punctatus
40fb202092,nerodia-fasciata
8d34d1a83e,crotalus-scutulatus
5d58cc2fb1,thamnophis-sirtalis
e073226ee2,opheodrys-aestivus
630628b60b,crotalus-scutulatus
c074d2a3c3,nerodia-sipedon
2c03979041,pantherophis-spiloides
237efd22ef,pantherophis-guttatus
5a23092d94,nerodia-fasciata
cebc8a3140,heterodon-platirhinos
ddbb02224a,thamnophis-radix
785ba4871f,pituophis-catenifer
d19b66d326,thamnophis-proximus
f9b0800cb8,thamnophis-elegans
2f065830d7,crotalus-scutulatus
b9893aa41a,nerodia-sipedon
2c442a09ed,pantherophis-emoryi
ea100d15e2,pantherophis-obsoletus
9363d2c4be,thamnophis-marcianus
dd0dc5ba1a,heterodon-platirhinos
86b438d651,pantherophis-alleghaniensis
a7596b0dda,thamnophis-proximus
c0a9301d14,heterodon-platirhinos
59d4a652fa,pituophis-catenifer
9266faaacf,heterodon-platirhinos
5c6713d750,storeria-dekayi
4a7b39ccff,thamnophis-elegans
c91233cf4f,haldea-striatula
316d089f08,pantherophis-obsoletus
63bb9ed8c2,pantherophis-emoryi
8ec81d1cab,storeria-occipitomaculata
0bef464da6,coluber-constrictor
e3497219ae,lampropeltis-californiae
259af44b24,pantherophis-vulpinus
c52f2693cf,crotalus-ruber
18f5184f2e,nerodia-sipedon
728f07bb97,pantherophis-alleghaniensis
fba22fecef,storeria-occipitomaculata
fdbcf4aa99,pantherophis-spiloides
f8d202075f,thamnophis-marcianus
369a02e471,storeria-dekayi
3e2cadfaa9,lampropeltis-californiae
0a59465b78,natrix-natrix
5717af5063,crotalus-viridis
5a5ed0a9f9,diadophis-punctatus
503bd5a793,coluber-constrictor
861b144528,agkistrodon-contortrix
2c1c60baac,agkistrodon-contortrix
f583cab812,crotalus-ruber
98e28ee840,pantherophis-spiloides
e981adefe8,pantherophis-emoryi
847dcb005c,nerodia-erythrogaster
2bdd1204df,natrix-natrix
436a5443a6,storeria-occipitomaculata
b474fba6f6,pantherophis-vulpinus
4a52d81d06,haldea-striatula
e04df53f33,opheodrys-aestivus
6e0bc47bff,crotalus-viridis
00a9bba384,thamnophis-radix
c34e07aea2,crotalus-horridus
ddb3fdca4e,crotalus-ruber
772912b335,pituophis-catenifer
d2d8c969f4,agkistrodon-contortrix
05c0503e80,pituophis-catenifer
0a2842082d,agkistrodon-contortrix
f63ccbe5e4,nerodia-rhombifer
7c71df0f36,pantherophis-obsoletus
b812b08083,lampropeltis-californiae
aa46c84394,agkistrodon-piscivorus
172ea701fa,pantherophis-vulpinus
4da6e0c4b1,pantherophis-spiloides
2680cb138a,thamnophis-sirtalis
042411e752,crotalus-viridis
3a90a92e92,pantherophis-obsoletus
194d8bc5a0,storeria-dekayi
1ac35b5307,nerodia-rhombifer
bd26891431,pantherophis-spiloides
9bcdad786e,diadophis-punctatus
3fbfac0bbb,thamnophis-sirtalis
d9f6166852,pantherophis-emoryi
c27414795d,thamnophis-radix
031d5fd2dd,agkistrodon-contortrix
b359100fa4,thamnophis-sirtalis
999b3783d7,crotalus-horridus
959cdb0f88,crotalus-atrox
8fa0dcc6df,lampropeltis-triangulum
8ea058e917,thamnophis-radix
ae46441c69,rhinocheilus-lecontei
b08c38c7f7,thamnophis-sirtalis
328d66a6d0,pantherophis-obsoletus
5ac5adfab9,thamnophis-marcianus
593c3b2407,nerodia-rhombifer
5d701c6be6,coluber-constrictor
b6bcd1799a,crotalus-atrox
b3494fd089,coluber-constrictor
0448002637,storeria-occipitomaculata
fff8bffdb0,agkistrodon-contortrix
0cbc0f68b6,nerodia-fasciata
0debda08e0,nerodia-sipedon
d0283c614b,thamnophis-proximus
2dbe75a840,pantherophis-guttatus
6d998bc9af,pantherophis-emoryi
3ff941e398,crotalus-atrox
a9410566e4,masticophis-flagellum
358af00cdd,thamnophis-proximus
e4ab7ba2ab,rhinocheilus-lecontei
b07f81508c,pantherophis-emoryi
3b1799fe42,thamnophis-proximus
3d6339ea74,pantherophis-alleghaniensis
2163674737,pantherophis-vulpinus
d99ab56103,natrix-natrix
54ba70e3cc,coluber-constrictor
545ed78e38,lampropeltis-triangulum
e7d07009df,natrix-natrix
f6ec7eba7b,crotalus-viridis
64c3ac5ad0,rhinocheilus-lecontei
b72ce0175f,pantherophis-emoryi
b894d764f5,crotalus-viridis
cf5d7c4e17,heterodon-platirhinos
58663371a3,crotalus-ruber
81bf550daa,masticophis-flagellum
37f5ad479e,thamnophis-proximus
3c8edae2a4,thamnophis-marcianus
4cb468d415,nerodia-rhombifer
92e04ca324,pantherophis-alleghaniensis
11373da95a,agkistrodon-contortrix
6a3bcbcf4a,heterodon-platirhinos
a5f24a2ecc,crotalus-ruber
1edabbc312,pantherophis-vulpinus
96aee5ec60,pantherophis-emoryi
4598203b0a,pantherophis-emoryi
6bd8b7a823,lampropeltis-triangulum
54f91fbb3a,agkistrodon-contortrix
b9d8bbfa03,thamnophis-proximus
72f1ff130d,crotalus-viridis
2eccd64667,natrix-natrix
2546d11351,rhinocheilus-lecontei
b09f1d031b,thamnophis-elegans
bd5a29330a,masticophis-flagellum
4451e8bf97,pantherophis-guttatus
86a4573103,natrix-natrix
da7212161e,thamnophis-radix
aa1da0bc83,crotalus-horridus
6e802f864c,thamnophis-proximus
8eaa4e8d18,thamnophis-sirtalis
ffa547380d,nerodia-fasciata
776bf9c3e7,masticophis-flagellum
f6058731c7,natrix-natrix
3137a9d8f4,crotalus-scutulatus
c5eda48da7,thamnophis-sirtalis
23e13b5ba3,haldea-striatula
c264755582,crotalus-scutulatus
958f27ae53,pantherophis-alleghaniensis
f1ce7a658c,diadophis-punctatus
897932c055,nerodia-fasciata
a17470a422,crotalus-horridus
f756da9b22,pituophis-catenifer
83f99d01b7,masticophis-flagellum
1c097f3bb5,pituophis-catenifer
638716b738,diadophis-punctatus
74772031c5,pantherophis-vulpinus
94f3aa78e0,nerodia-rhombifer
c0f734db4f,lampropeltis-californiae
4f9c43f59c,pantherophis-alleghaniensis
1b32d18277,thamnophis-proximus
2145486df9,nerodia-sipedon
9e779ef62b,heterodon-platirhinos
caa85de8a4,agkistrodon-contortrix
dab850c45f,crotalus-horridus
326a993691,crotalus-scutulatus
1a313e58c0,crotalus-viridis
eacde65a87,storeria-occipitomaculata
16ef599310,crotalus-ruber
a1a1d8f4d3,crotalus-viridis
b66574f0cb,heterodon-platirhinos
dadd875c98,thamnophis-marcianus
35f3e07f8a,crotalus-scutulatus
35b25084a8,crotalus-horridus
5be6313607,haldea-striatula
5e4b3549cb,storeria-dekayi
14af77c260,thamnophis-proximus
a3ffe15ad1,heterodon-platirhinos
fcf5b7e439,diadophis-punctatus
510f5e1945,crotalus-atrox
99d309ee88,masticophis-flagellum
c5ba6d87e2,rhinocheilus-lecontei
0a00cdd2b8,pituophis-catenifer
9e10b0843c,crotalus-viridis
9818345fa3,agkistrodon-piscivorus
424b8caccf,crotalus-horridus
291cd9c481,crotalus-viridis
0c02a2f5d7,rhinocheilus-lecontei
3393c3a6eb,opheodrys-aestivus
18e8e49c6a,pituophis-catenifer
45245a5e5a,thamnophis-elegans
13696d31fb,crotalus-scutulatus
41e720d7de,storeria-occipitomaculata
40303088fa,storeria-dekayi
67d1d73480,thamnophis-sirtalis
4e3e773484,thamnophis-marcianus
7517bb0623,storeria-occipitomaculata
559133de50,pantherophis-alleghaniensis
9ae22849c1,agkistrodon-contortrix
c5ff38ff68,pantherophis-guttatus
71e572d33f,pantherophis-emoryi
332e5c6785,pantherophis-vulpinus
6003bbcbf9,pituophis-catenifer
5c17e68b40,lampropeltis-triangulum
bad9a60677,storeria-dekayi
209b809200,storeria-occipitomaculata
f2b9362dd4,crotalus-scutulatus
8de60975b5,thamnophis-elegans
8add8bfac9,crotalus-scutulatus
0d5c403d38,heterodon-platirhinos
d483f5a5ce,rhinocheilus-lecontei
7836689238,agkistrodon-contortrix
724a385d2e,agkistrodon-contortrix
64e02bed8b,crotalus-horridus
3133cffd8c,agkistrodon-piscivorus
ebd7ad9677,crotalus-ruber
fe50e904ff,thamnophis-marcianus
7f4df9bad8,thamnophis-elegans
b083b3bdfc,lampropeltis-triangulum
5ac813acff,storeria-dekayi
35084d1574,nerodia-sipedon
9bbb1238dd,storeria-dekayi
54da60ecca,lampropeltis-triangulum
8139d8a08f,pituophis-catenifer
cf4b998e06,nerodia-sipedon
50ff72a201,crotalus-atrox
a0969f71a4,natrix-natrix
64b71700c0,crotalus-horridus
420c648f8f,nerodia-sipedon
b48998dacd,thamnophis-radix
d6ce6db8ac,storeria-dekayi
f359a3a1cb,coluber-constrictor
3e27aded25,storeria-occipitomaculata
9baf0c175d,pantherophis-alleghaniensis
60cd847169,heterodon-platirhinos
8cc2b43e73,opheodrys-aestivus
e635e0301a,nerodia-erythrogaster
53ad81ecbf,crotalus-ruber
bd77bff983,thamnophis-proximus
e4b948cde5,opheodrys-aestivus
7a85d0a38f,pituophis-catenifer
6e104122dd,masticophis-flagellum
0bd440f886,crotalus-horridus
cfe48a6766,lampropeltis-californiae
dea4ad3c5c,masticophis-flagellum
a70db3f4e2,lampropeltis-triangulum
73801d11da,pituophis-catenifer
91b9c66b6c,coluber-constrictor
7fa218f587,crotalus-viridis
89aac8751e,lampropeltis-californiae
ccd99e20ab,crotalus-horridus
3d4e749f5c,thamnophis-sirtalis
d981710b5c,coluber-constrictor
52eec0f3fb,crotalus-horridus
7b01622a45,haldea-striatula
d8f3e2543c,natrix-natrix
3da58beca1,heterodon-platirhinos
27cc745b4e,diadophis-punctatus
19e640cfea,nerodia-sipedon
e97ad14aa0,nerodia-rhombifer
fee6ac0981,haldea-striatula
7688910bf6,heterodon-platirhinos
e207f9f8e1,thamnophis-radix
38cfa09840,thamnophis-marcianus
e8c28b1fa8,pantherophis-vulpinus
14b9eb3c99,lampropeltis-californiae
90b9422778,pantherophis-guttatus
55c6c72734,crotalus-scutulatus
1b74b10f63,crotalus-viridis
dbe94ca39f,crotalus-viridis
2467f2a466,pantherophis-vulpinus
87c3cc64a9,crotalus-ruber
f4f5dd040b,thamnophis-radix
f32d83944c,thamnophis-marcianus
de0c5e9a87,nerodia-erythrogaster
aff4a2c922,crotalus-scutulatus
f96291b278,heterodon-platirhinos
c64eb91ae4,rhinocheilus-lecontei
2ae2c1199a,diadophis-punctatus
c032ab6ee3,nerodia-erythrogaster
33e62ea503,crotalus-scutulatus
4d5e7f22ae,crotalus-atrox
daa2966222,coluber-constrictor
a5234ec3be,thamnophis-marcianus
80eead3616,heterodon-platirhinos
ade437840f,crotalus-viridis
2db8ff4d4f,thamnophis-radix
b3b1353fab,coluber-constrictor
c449df8761,crotalus-atrox
59979fbad2,crotalus-viridis
f4698088c6,coluber-constrictor
532b83a570,lampropeltis-triangulum
0e287bd3a4,crotalus-ruber
62a0846a7f,coluber-constrictor
3fc4c2a5e1,pantherophis-emoryi
4d2299d5dc,natrix-natrix
416b4750da,opheodrys-aestivus
dfee6504e3,nerodia-rhombifer
bba431d5d4,coluber-constrictor
d50e9b77ce,crotalus-horridus
423c84462d,haldea-striatula
d8854a4d6f,thamnophis-radix
06bfe160bc,crotalus-horridus
b53265ae30,pantherophis-emoryi
4f7b14d1e9,crotalus-atrox
b0e5cdcf65,pantherophis-alleghaniensis
3d90e98161,pantherophis-guttatus
385387e75a,masticophis-flagellum
a016fbf111,nerodia-fasciata
79d92b5155,heterodon-platirhinos
e8556cf2b3,pantherophis-alleghaniensis
b68aec61a9,nerodia-fasciata
6245275771,storeria-occipitomaculata
9af6f4bbb1,crotalus-horridus
e2839b926b,lampropeltis-triangulum
8d2f2c54a1,nerodia-erythrogaster
1e8f52cf8e,lampropeltis-californiae
c2bfddaefb,thamnophis-marcianus
fcac77e8e3,natrix-natrix
a6eefff8e9,pantherophis-guttatus
48be242050,pantherophis-vulpinus
e849f57aaa,storeria-dekayi
75053513e4,crotalus-viridis
0b6092dd9f,pantherophis-guttatus
f10dbb60ad,nerodia-fasciata
6fd275d6f8,crotalus-scutulatus
7b110332b2,nerodia-erythrogaster
02b5ce8a0d,crotalus-atrox
e286457476,haldea-striatula
2fd9e2eee6,pantherophis-emoryi
b79eb2b0fb,rhinocheilus-lecontei
f5315a5875,pantherophis-vulpinus
db4493bb17,crotalus-horridus
4ebadc4b4b,pantherophis-vulpinus
c98bc697c6,nerodia-rhombifer
e3c6ba694a,crotalus-viridis
783481beb0,lampropeltis-californiae
f29333e380,thamnophis-elegans
c3fb1dacc1,rhinocheilus-lecontei
5b15bac5c2,crotalus-horridus
cd0721eb2a,opheodrys-aestivus
1e2ae139b7,thamnophis-radix
79553e62b3,diadophis-punctatus
cdbedb45cd,crotalus-viridis
ee52483077,storeria-occipitomaculata
1fac89750a,thamnophis-sirtalis
86a2ca0b18,nerodia-fasciata
d3a5b62b1f,pantherophis-vulpinus
5276b71b91,crotalus-ruber
eff565b0e9,pantherophis-spiloides
a0853d1197,thamnophis-proximus
38782ebfe4,natrix-natrix
a16e3dec1e,pantherophis-vulpinus
223cc7e8a6,thamnophis-radix
fed1568a6c,haldea-striatula
f2f891850d,masticophis-flagellum
22580dc310,coluber-constrictor
4b2040859d,masticophis-flagellum
c40f2cf547,pituophis-catenifer
8a1f773d30,lampropeltis-californiae
26e77de0d3,haldea-striatula
3898d993ce,thamnophis-marcianus
4c48326692,pantherophis-vulpinus
639ea18f23,crotalus-ruber
6447cbdb15,crotalus-atrox
2fab3b74e1,pantherophis-spiloides
70d03492db,pituophis-catenifer
df50ba8c91,thamnophis-elegans
e68457fe19,nerodia-rhombifer
b4ad055b21,pantherophis-guttatus
f10e985810,pantherophis-spiloides
ee41d19ab2,nerodia-rhombifer
5af19d853b,pantherophis-emoryi
e3e76a3d9c,thamnophis-proximus
59bcc84d9c,crotalus-viridis
49cd434b18,lampropeltis-triangulum
ce31772330,heterodon-platirhinos
08e0a784b9,diadophis-punctatus
b38fb09f8b,crotalus-viridis
1025e29ab7,opheodrys-aestivus
98e71c5873,rhinocheilus-lecontei
ec7956ab61,nerodia-sipedon
8221410682,crotalus-scutulatus
51ee9e04f0,nerodia-erythrogaster
96d75bfe8f,agkistrodon-contortrix
8601628d1f,crotalus-viridis
3dfa5ad947,pantherophis-alleghaniensis
affc413c04,pantherophis-alleghaniensis
8d0378446f,nerodia-fasciata
d4575182a3,thamnophis-elegans
64b48406af,opheodrys-aestivus
371a621202,pituophis-catenifer
aef6cdef7f,thamnophis-elegans
5767b7291d,nerodia-erythrogaster
bce7024134,pituophis-catenifer
1e8ba66e6d,heterodon-platirhinos
1cca4dde7e,pantherophis-alleghaniensis
0497ecfd64,agkistrodon-piscivorus
80cd47b8be,storeria-occipitomaculata
48470bf29b,thamnophis-marcianus
21c06dfcf8,thamnophis-marcianus
a0bce2082d,crotalus-horridus
a14372c89f,thamnophis-elegans
1a7e4bd4c6,lampropeltis-californiae
77b61563ed,pantherophis-guttatus
bbbcedc4c0,pantherophis-alleghaniensis
baba9a2a38,opheodrys-aestivus
6fd6c6ccf6,nerodia-fasciata
1cef56fb1e,thamnophis-marcianus
5f6f35c987,nerodia-fasciata
d1eb8d51ae,crotalus-atrox
4617ca078b,pantherophis-alleghaniensis
77b4a4a25c,thamnophis-marcianus
c2955c5d83,natrix-natrix
67d5a9efbe,pantherophis-emoryi
0fe9a54c20,thamnophis-marcianus
5b30be5fe9,masticophis-flagellum
6469909eb8,rhinocheilus-lecontei
b81a1b1d90,lampropeltis-triangulum
e2363c1554,pituophis-catenifer
0cff3cb843,pantherophis-spiloides
1b340371e5,pantherophis-guttatus
00e8ba3531,nerodia-rhombifer
dee1e6d310,crotalus-viridis
e264f04ce9,natrix-natrix
ddd56ba0c0,pantherophis-obsoletus
c1cbf83f28,thamnophis-sirtalis
13275759e4,pantherophis-spiloides
d37b0ef11f,pantherophis-guttatus
898d62255d,nerodia-sipedon
f9bbc7153a,storeria-dekayi
f8ac5953cb,rhinocheilus-lecontei
ad9921a2aa,thamnophis-elegans
a5f85aab22,masticophis-flagellum
c6234d79bb,opheodrys-aestivus
771f6f3fe6,coluber-constrictor
688b29b043,pantherophis-vulpinus
19ccba64b3,crotalus-horridus
72115baab1,pantherophis-alleghaniensis
6becc6093d,diadophis-punctatus
7855bae864,nerodia-fasciata
d50acbddb2,nerodia-rhombifer
83899a6b49,coluber-constrictor
11e97175b8,crotalus-atrox
5980c7a6f7,coluber-constrictor
2d61b82de7,nerodia-erythrogaster
1f90c834c5,thamnophis-radix
e0474c1be9,storeria-occipitomaculata
96dbc2f29b,masticophis-flagellum
d1b7d9ba22,thamnophis-sirtalis
fd2f1d3113,nerodia-erythrogaster
928460dde9,pantherophis-vulpinus
d63c0e9fdc,agkistrodon-contortrix
78ed1037b8,pantherophis-vulpinus
b3fe7d062c,opheodrys-aestivus
9315549d3a,thamnophis-sirtalis
c3bd25298d,storeria-dekayi
8f92043d8f,lampropeltis-triangulum
9069355571,diadophis-punctatus
a1e486d349,crotalus-horridus
bbaf558ecf,agkistrodon-contortrix
516de4c918,nerodia-fasciata
3a8c8aa252,agkistrodon-piscivorus
44aa210a3e,nerodia-rhombifer
64553a6913,thamnophis-elegans
e90ba4331c,crotalus-viridis
11649cec48,opheodrys-aestivus
c3444151d5,crotalus-atrox
37ee5eb735,haldea-striatula
3f36710eb6,crotalus-ruber
624b2cc236,opheodrys-aestivus
0c9a05356b,agkistrodon-contortrix
aa4b3d2785,lampropeltis-triangulum
8a43339a29,pantherophis-guttatus
a11bf6e766,nerodia-sipedon
3d1b0e14ff,pantherophis-obsoletus
a698472a57,nerodia-erythrogaster
3e733e66de,thamnophis-marcianus
7a374981e5,pantherophis-alleghaniensis
45bd4f73b1,crotalus-viridis
e17bb727be,rhinocheilus-lecontei
c79bcf2098,crotalus-horridus
1f6403d491,pantherophis-obsoletus
93ad7fe563,crotalus-horridus
47e8f1b843,nerodia-rhombifer
c5c1619dee,lampropeltis-californiae
ee52b1c3e4,masticophis-flagellum
bdfce30128,pantherophis-obsoletus
bcfa129e05,pantherophis-vulpinus
c3007e0e16,pantherophis-guttatus
e3e8505f6f,nerodia-fasciata
60c5ab7fe1,masticophis-flagellum
af58bb743b,pituophis-catenifer
eab49156d7,crotalus-atrox
847a278c9a,agkistrodon-contortrix
22b4344fa1,rhinocheilus-lecontei
0297424cbd,pantherophis-spiloides
e9aac999b1,lampropeltis-californiae
45df9e533a,crotalus-viridis
ac57aad226,crotalus-ruber
79b4ba46ed,agkistrodon-contortrix
890c0055e6,crotalus-atrox
b83e0a56e3,nerodia-erythrogaster
ca0e73a30b,storeria-occipitomaculata
5feb234354,lampropeltis-triangulum
7f8f6794e6,crotalus-viridis
a4c523e2b2,agkistrodon-contortrix
817e074b35,thamnophis-proximus
7019567057,storeria-dekayi
6fecaaf9f8,lampropeltis-californiae
1bac862621,thamnophis-proximus
ad72ea0194,pantherophis-alleghaniensis
58cd93d84d,lampropeltis-californiae
797bf37edf,crotalus-atrox
6c1f740183,masticophis-flagellum
22ee9b9874,heterodon-platirhinos
586ba03c24,pantherophis-alleghaniensis
fec707022c,pituophis-catenifer
eab43ca7a3,pantherophis-emoryi
311d69ffb9,lampropeltis-californiae
a45609e2f1,nerodia-sipedon
2b9e221d99,lampropeltis-californiae
f8b43d780b,thamnophis-proximus
b982fadd00,crotalus-scutulatus
59cff921b2,natrix-natrix
3f304c3d86,thamnophis-radix
d6f1eb568f,nerodia-rhombifer
0f1924cf80,nerodia-fasciata
f5b2a347ff,nerodia-erythrogaster
dd818fb360,crotalus-viridis
e8fe7df5ad,storeria-occipitomaculata
cf79767545,storeria-occipitomaculata
6f4a0cf636,crotalus-atrox
7cb6fcbad3,coluber-constrictor
9a07607611,heterodon-platirhinos
3f63e4612d,pantherophis-guttatus
e5e4aeeaf7,thamnophis-elegans
a3c79fb490,storeria-occipitomaculata
16fbebdc1f,agkistrodon-piscivorus
274e3979b2,thamnophis-sirtalis
99e9171fcb,coluber-constrictor
0f0969f7d7,lampropeltis-californiae
da7acc2a0f,pantherophis-alleghaniensis
c685ea9df1,thamnophis-radix
6fa95b4e8d,pantherophis-alleghaniensis
8ce3cee642,crotalus-ruber
86915f6c43,crotalus-viridis
282ce15a59,opheodrys-aestivus
21b66186b7,nerodia-erythrogaster
7f9dafc904,pantherophis-spiloides
cfcbf6740c,nerodia-fasciata
7391e1f35e,crotalus-scutulatus
ac42c482a2,pantherophis-guttatus
d400216179,pituophis-catenifer
18a1ebef0e,pantherophis-alleghaniensis
32fee7fe2c,nerodia-rhombifer
bac648289c,pantherophis-vulpinus
6a6723f2d9,haldea-striatula
e81112e8d1,thamnophis-marcianus
481f91feb4,pantherophis-alleghaniensis
d5636c22bd,haldea-striatula
25bc9f384d,crotalus-scutulatus
eaa7edf8dc,coluber-constrictor
fdb05268b8,pantherophis-emoryi
e7cf15f7c1,thamnophis-proximus
3619f16494,agkistrodon-piscivorus
7a27082f24,thamnophis-proximus
8d98278446,storeria-dekayi
b9d53ffd45,agkistrodon-contortrix
5d6b176f01,heterodon-platirhinos
e97ba49b46,storeria-dekayi
1e04c22e2f,rhinocheilus-lecontei
790aa417c2,natrix-natrix
b58213e015,pantherophis-vulpinus
042c0fc943,thamnophis-radix
47f515dbdc,crotalus-viridis
84298633ca,nerodia-fasciata
e5a6f90969,lampropeltis-californiae
93c3acd68a,thamnophis-radix
7cd411e836,pantherophis-guttatus
78398b7b6c,nerodia-sipedon
59e07d0848,pantherophis-guttatus
75b98c6e29,crotalus-ruber
b681aee40c,crotalus-atrox
ac8fcab5ba,heterodon-platirhinos
c68656ee58,thamnophis-sirtalis
a1ae1155b3,natrix-natrix
c685e04441,crotalus-viridis
b24743c49c,natrix-natrix
798c090b10,thamnophis-proximus
ea135d3a89,crotalus-scutulatus
c06284e0af,thamnophis-proximus
fe4b15022b,diadophis-punctatus
fbb94e594c,pantherophis-alleghaniensis
5f7a87f204,masticophis-flagellum
ed8e92ecf1,heterodon-platirhinos
9885c6266a,crotalus-atrox
02a78ae220,storeria-occipitomaculata
7b7117f0c1,nerodia-fasciata
70355e73f8,nerodia-erythrogaster
2fc72ef3f4,pantherophis-spiloides
5d3e048c96,masticophis-flagellum
25623b3ce6,storeria-dekayi
083e3b50fd,rhinocheilus-lecontei
0f6b88fcfc,opheodrys-aestivus
91370ed279,masticophis-flagellum
7245fe93b9,heterodon-platirhinos
9cb7c4fd24,storeria-occipitomaculata
7de50b5bdc,pantherophis-obsoletus
53a5a161de,heterodon-platirhinos
59fe71d682,heterodon-platirhinos
a8d2967840,haldea-striatula
3355a69bda,nerodia-rhombifer
5dbde45405,crotalus-horridus
47e66422c8,pantherophis-vulpinus
adaa93af64,thamnophis-radix
4fadd04098,pantherophis-emoryi
1be8871524,nerodia-sipedon
ab0cd50587,pantherophis-guttatus
9b755092e4,haldea-striatula
1e998306c0,lampropeltis-triangulum
07f075d594,thamnophis-elegans
3d35b26c1a,crotalus-atrox
071901eca8,agkistrodon-piscivorus
022d71aae9,pantherophis-emoryi
4e8049b6d0,lampropeltis-triangulum
f354b8dfe7,agkistrodon-contortrix
f3a74d6ee0,pituophis-catenifer
2289e09d6a,crotalus-horridus
70483cb8ea,agkistrodon-contortrix
4d53b5cb4d,pantherophis-emoryi
e50bb5978a,crotalus-viridis
48e9e8aff8,thamnophis-radix
213acb4781,thamnophis-proximus
e93cd41190,rhinocheilus-lecontei
7ca16d8c1b,pituophis-catenifer
b7fe892e44,crotalus-scutulatus
374615f6fb,storeria-occipitomaculata
5126df2646,crotalus-scutulatus
1104584d38,pantherophis-obsoletus
dff6304429,crotalus-viridis
0c2849a26e,masticophis-flagellum
9d4ce5b72f,rhinocheilus-lecontei
a141a881e2,rhinocheilus-lecontei
33346242e2,nerodia-sipedon
0d20d1c1a2,agkistrodon-contortrix
731a90d84c,crotalus-ruber
5e4c1c7cc2,thamnophis-radix
9db0bdd59d,thamnophis-elegans
253843f209,coluber-constrictor
e60709d049,haldea-striatula
054a536789,crotalus-horridus
bf1a3b7b79,pantherophis-alleghaniensis
d0612f3e8a,nerodia-rhombifer
eebe64532a,pantherophis-spiloides
79594b42ef,lampropeltis-triangulum
bed81704c1,storeria-dekayi
cbe0b8c85d,crotalus-ruber
5ae808f8fd,heterodon-platirhinos
5d448c05e1,thamnophis-sirtalis
4d051b9208,pantherophis-alleghaniensis
88c9cc598c,nerodia-fasciata
e81c30e876,agkistrodon-contortrix
b9a8b67b16,crotalus-ruber
9dabb5ee25,pantherophis-vulpinus
7ca6b80658,haldea-striatula
f60d7f670e,lampropeltis-triangulum
55d9dd5142,coluber-constrictor
882a08649b,agkistrodon-contortrix
12fda3c135,agkistrodon-piscivorus
8d13d818de,heterodon-platirhinos
deb68826e6,heterodon-platirhinos
0b5507f2a9,coluber-constrictor
6925f4782a,crotalus-ruber
37f32fb0ba,pantherophis-emoryi
dd832524fa,pantherophis-vulpinus
c1f4d42327,nerodia-erythrogaster
d803830007,lampropeltis-triangulum
beec8cc1ba,pantherophis-obsoletus
11a5d8337e,nerodia-sipedon
f143d212b3,masticophis-flagellum
a77509b170,crotalus-horridus
5c3936c628,diadophis-punctatus
21deaeaa17,agkistrodon-piscivorus
1dcaaad800,coluber-constrictor
484413b8d3,thamnophis-proximus
8f25d1fc53,masticophis-flagellum
8d63dc0ed6,crotalus-horridus
c85a468e26,coluber-constrictor
ba083e8689,rhinocheilus-lecontei
f99d915b6b,natrix-natrix
855bd99878,pituophis-catenifer
2266898888,storeria-occipitomaculata
46058d8161,coluber-constrictor
c6a13f622c,agkistrodon-contortrix
e0ed8038c6,thamnophis-sirtalis
4c11e184fd,pituophis-catenifer
12e603532f,lampropeltis-triangulum
5180638e96,haldea-striatula
b04dd2adec,crotalus-ruber
7066af3e95,crotalus-ruber
dfbfdc7fec,thamnophis-elegans
cfb3f52655,lampropeltis-californiae
a294303eeb,masticophis-flagellum
f7358c1693,nerodia-erythrogaster
9be3399776,lampropeltis-triangulum
7eab2c68bb,nerodia-sipedon
2a95741853,thamnophis-radix
d5b1906aa1,natrix-natrix
436330dda2,pantherophis-obsoletus
d20b9db32d,pantherophis-spiloides
7aed34b899,agkistrodon-contortrix
65406d36a7,haldea-striatula
f4853bcc67,lampropeltis-triangulum
c2719ab3f2,opheodrys-aestivus
4d8f022e07,masticophis-flagellum
6ef01917c6,lampropeltis-triangulum
fae66dee74,crotalus-atrox
c1acdf0a74,thamnophis-radix
3ded70d7c3,pantherophis-emoryi
83ab914a6d,crotalus-horridus
fdbb06d2b0,pantherophis-vulpinus
29c12aa50b,storeria-occipitomaculata
f4402d15f7,thamnophis-marcianus
b1d252ae26,nerodia-sipedon
e12901072d,crotalus-horridus
d495120d71,agkistrodon-contortrix
4380a651bf,nerodia-erythrogaster
0dca38a9c9,storeria-dekayi
c0575f37ac,crotalus-ruber
85bbb1d3fc,crotalus-viridis
047788a264,coluber-constrictor
cf6a306170,crotalus-ruber
3c187495d8,thamnophis-sirtalis
93c4e94fba,pantherophis-alleghaniensis
a86943e07b,storeria-dekayi
c09b16ca15,nerodia-sipedon
9b478155ac,masticophis-flagellum
fdce965a85,nerodia-fasciata
b86a0e9749,rhinocheilus-lecontei
72e92d074b,nerodia-fasciata
442a001933,nerodia-erythrogaster
f9ac703430,crotalus-scutulatus
f41723b2b7,thamnophis-radix
9b4ad29201,coluber-constrictor
0e7368ddf1,masticophis-flagellum
b5905be265,storeria-occipitomaculata
af55a93714,nerodia-erythrogaster
b8022114ff,thamnophis-elegans
6869daa30d,pantherophis-obsoletus
f6826f3a44,lampropeltis-triangulum
d846222a27,crotalus-viridis
8d8b41be92,heterodon-platirhinos
f5055dad14,storeria-occipitomaculata
f5464b6c4d,thamnophis-elegans
df783face0,pantherophis-alleghaniensis
5366409cc9,thamnophis-proximus
20070bf8e0,agkistrodon-piscivorus
a8ae4b2cc4,pantherophis-alleghaniensis
ebbfcc7256,masticophis-flagellum
e0af3ec1dc,rhinocheilus-lecontei
f8c29af6a4,coluber-constrictor
51aeb208e1,thamnophis-proximus
4892a7b03e,crotalus-ruber
30d3a273c1,pantherophis-guttatus
9dea0393b2,thamnophis-radix
5b06a39081,pantherophis-spiloides
9acd404c7b,thamnophis-proximus
b6467c0d86,storeria-dekayi
ad18b657f0,crotalus-scutulatus
fdf6135552,thamnophis-elegans
1af0a36d6c,thamnophis-marcianus
547f6b9455,pantherophis-emoryi
bb222ddaa9,crotalus-horridus
3e53802c11,crotalus-viridis
44be6183a7,diadophis-punctatus
c73c3c3b9b,masticophis-flagellum
f519f23157,crotalus-ruber
1e56fb5139,pituophis-catenifer
b4699a9c84,nerodia-rhombifer
c25b2a530d,thamnophis-elegans
c0c6aa8b10,thamnophis-proximus
88608b60c6,pantherophis-emoryi
1e416f3e13,natrix-natrix
40988857ce,rhinocheilus-lecontei
0c89d31702,thamnophis-proximus
ed26fe7996,agkistrodon-piscivorus
94fe7ff244,nerodia-sipedon
46ee76ccb8,pituophis-catenifer
d65c2dc896,pantherophis-emoryi
b0ebe0ec7c,lampropeltis-triangulum
b976cbbc89,crotalus-scutulatus
8ba809dab1,crotalus-scutulatus
375696a37f,thamnophis-radix
9db974a233,thamnophis-elegans
31b15b7404,nerodia-rhombifer
8d33851a8b,coluber-constrictor
17b3968ced,pantherophis-spiloides
92dc510a40,pantherophis-emoryi
512fc9e23c,diadophis-punctatus
d3a15518ac,pituophis-catenifer
606b454ea5,nerodia-rhombifer
9e8f1195b3,nerodia-rhombifer
9b09290d21,pantherophis-guttatus
143df6c4aa,thamnophis-proximus
db06bafc17,lampropeltis-triangulum
090abdc8b8,thamnophis-elegans
ed7b95d537,pantherophis-spiloides
ebdbb4edfa,pantherophis-vulpinus
e51bebd7ce,storeria-occipitomaculata
65faa9df15,thamnophis-radix
7cf1559b96,pantherophis-vulpinus
809a0a209e,nerodia-fasciata
14a0397527,lampropeltis-californiae
db945af48b,agkistrodon-piscivorus
3338b33890,haldea-striatula
c3f5e146ba,crotalus-viridis
722b6323ec,storeria-occipitomaculata
4a6b1852d0,heterodon-platirhinos
9a73a81dff,storeria-occipitomaculata
44e2cc78d3,thamnophis-marcianus
e36fa6f2e6,pantherophis-emoryi
37701846eb,pantherophis-obsoletus
c4804cb27f,pantherophis-vulpinus
2f774a0168,rhinocheilus-lecontei
477737deba,nerodia-rhombifer
684a7b08ae,haldea-striatula
aadfad28f5,storeria-dekayi
2847d4e56d,pantherophis-vulpinus
2e9f1674bc,agkistrodon-piscivorus
385ea02927,masticophis-flagellum
aaa615d84a,nerodia-sipedon
4a56a9830a,agkistrodon-contortrix
add4ded433,crotalus-horridus
86cb5618f9,thamnophis-elegans
8e1be27f76,nerodia-sipedon
41de4add86,thamnophis-radix
618148c93a,diadophis-punctatus
94384b64ee,heterodon-platirhinos
98ca8e97e3,nerodia-erythrogaster
58a809a5da,crotalus-horridus
c82b0038fb,rhinocheilus-lecontei
3e948e13ad,coluber-constrictor
b77fbe5457,heterodon-platirhinos
5ea87a2f3d,lampropeltis-californiae
3aaaeb3001,nerodia-fasciata
855792de01,storeria-dekayi
a4936afac4,pantherophis-spiloides
68570123d7,storeria-dekayi
ab501eeaa1,pantherophis-guttatus
fa68e6c437,pantherophis-vulpinus
b78234966e,thamnophis-elegans
d8989a7ebd,lampropeltis-triangulum
de9b02c30b,crotalus-horridus
8d02041d76,thamnophis-radix
924799e3f4,pantherophis-emoryi
9a78bc503d,nerodia-erythrogaster
fe652f12b4,heterodon-platirhinos
ff8781cb80,pantherophis-emoryi
c41ed9c05b,thamnophis-elegans
3024fa18e5,pantherophis-emoryi
488901ecd7,pantherophis-obsoletus
3bbdab923c,pituophis-catenifer
08a0158c25,diadophis-punctatus
3563d17587,storeria-occipitomaculata
50281e1d1d,crotalus-ruber
a28a1a35a7,crotalus-atrox
8161449847,crotalus-viridis
b9179ad8ed,nerodia-rhombifer
aeeb16bfec,natrix-natrix
2c983824a0,rhinocheilus-lecontei
8481649aee,pantherophis-obsoletus
20f14eedb1,haldea-striatula
341d33701d,nerodia-erythrogaster
df0fb047d2,thamnophis-marcianus
4228389f4b,lampropeltis-californiae
0ce760d438,pituophis-catenifer
7d316f0c9d,pantherophis-alleghaniensis
d98003bb75,haldea-striatula
4f39265344,crotalus-scutulatus
012154c583,opheodrys-aestivus
cfa7ab3db8,thamnophis-marcianus
5ac4d84b46,thamnophis-elegans
a1d9f93887,diadophis-punctatus
4fa2f1b008,nerodia-rhombifer
b45b7e4c81,masticophis-flagellum
786ba4ba4b,nerodia-rhombifer
31614aea45,rhinocheilus-lecontei
d111dafe36,pantherophis-guttatus
c2608c8551,agkistrodon-piscivorus
cc7b9bd6ed,storeria-dekayi
9582dbeb27,storeria-dekayi
1e665d3a05,lampropeltis-triangulum
50d38f3707,pantherophis-spiloides
79818ed7bd,pantherophis-spiloides
13ebc1770d,crotalus-horridus
92643765f4,thamnophis-marcianus
c5b4577265,lampropeltis-triangulum
46e4512b8e,diadophis-punctatus
79e5a876ae,masticophis-flagellum
eda032e523,thamnophis-sirtalis
0fd905ded1,natrix-natrix
ef82006232,pantherophis-spiloides
4b823fb6b9,nerodia-erythrogaster
c71ddedbd6,nerodia-sipedon
8ab088c8fe,nerodia-fasciata
2a686ef996,natrix-natrix
44827e0c96,thamnophis-sirtalis
c3c66a42cd,nerodia-sipedon
97a2c7ecb7,natrix-natrix
68f05a3a85,haldea-striatula
d67f206f3d,agkistrodon-piscivorus
1b9dd02d06,thamnophis-sirtalis
7cead4b1c3,pantherophis-emoryi
785a849ff5,coluber-constrictor
02fa6b3ee5,pituophis-catenifer
87318c3aca,natrix-natrix
bb4b7c9f3b,thamnophis-radix
647d580a8c,diadophis-punctatus
c28fa93914,pantherophis-guttatus
1d6504604f,thamnophis-elegans
b960c924af,thamnophis-marcianus
95f24f6dbf,pantherophis-guttatus
144981a319,pantherophis-emoryi
c5843ff6bc,thamnophis-marcianus
3981bb53f1,pantherophis-alleghaniensis
8cb6eebb38,lampropeltis-triangulum
8111c15451,crotalus-atrox
0dddf76dfe,heterodon-platirhinos
5421f5b6ca,crotalus-ruber
f2d94b49ca,pantherophis-emoryi
76cdffaffb,heterodon-platirhinos
46a6a306fc,lampropeltis-californiae
2b6245d77b,lampropeltis-triangulum
c47c82122f,nerodia-rhombifer
c04ef971c2,coluber-constrictor
d112dcec1e,pantherophis-spiloides
6c78d9c8ce,crotalus-scutulatus
1d3c4f7d2f,crotalus-horridus
9c88832a7a,natrix-natrix
0cc412b743,nerodia-fasciata
813751c7fe,opheodrys-aestivus
fba47323dd,agkistrodon-contortrix
4733a797e4,coluber-constrictor
811119a90b,pantherophis-guttatus
0d08d8becf,nerodia-erythrogaster
f3bdc27db9,pantherophis-spiloides
bbe79f4604,crotalus-horridus
d5fb0f6816,coluber-constrictor
f94be71c7a,agkistrodon-piscivorus
4a247becfb,rhinocheilus-lecontei
89a8cb0e76,thamnophis-radix
ef54757e06,pantherophis-obsoletus
da8f5e5486,storeria-occipitomaculata
386f649b46,crotalus-atrox
ef07005750,nerodia-erythrogaster
33c33c3665,agkistrodon-piscivorus
d919c074ed,nerodia-erythrogaster
343d7275b2,lampropeltis-californiae
1794be2478,thamnophis-sirtalis
038eefc633,pantherophis-guttatus
033c590985,pantherophis-emoryi
1288525568,coluber-constrictor
3b0596bd51,nerodia-fasciata
84191bfd5a,pituophis-catenifer
11660a3b49,crotalus-ruber
b5b4689c0d,lampropeltis-triangulum
6bc53a3ab8,crotalus-viridis
c095ab66df,thamnophis-sirtalis
6f44735f58,nerodia-sipedon
2f3f358d43,diadophis-punctatus
da3f1c4d6e,thamnophis-marcianus
0b975a80ed,pantherophis-alleghaniensis
e27ca7d445,haldea-striatula
14c1f66246,storeria-occipitomaculata
69d4b15fd1,thamnophis-proximus
657cdeaa72,pantherophis-spiloides
5b356b946f,thamnophis-elegans
8b2bbb9546,crotalus-atrox
2b8b168c61,pantherophis-obsoletus
e3654cac52,diadophis-punctatus
65683b5376,coluber-constrictor
fc4dbc6d5d,crotalus-atrox
3dccd63a1c,crotalus-scutulatus
25891d7e28,crotalus-horridus
7d47015e7f,pituophis-catenifer
451a823673,thamnophis-marcianus
d930d37135,thamnophis-proximus
b937924469,pantherophis-emoryi
ad64e08277,lampropeltis-triangulum
19bd628df5,pantherophis-alleghaniensis
f247f88b68,thamnophis-radix
ba00658f4c,coluber-constrictor
68722a30ea,crotalus-ruber
36beae29d4,pantherophis-obsoletus
ce8b6913f4,thamnophis-elegans
fbf220a77a,heterodon-platirhinos
5cb1e2553b,lampropeltis-californiae
992f8823fb,lampropeltis-triangulum
c10ff40811,lampropeltis-californiae
b1d492d342,storeria-occipitomaculata
713804346e,crotalus-ruber
1c54dbdb06,nerodia-sipedon
db28e1151c,thamnophis-sirtalis
162a7cdf2a,crotalus-atrox
e9d344e301,opheodrys-aestivus
8610476c82,haldea-striatula
054481ab8f,storeria-occipitomaculata
881fd4dc15,storeria-dekayi
01bc7841f0,pantherophis-emoryi
11f0e3c25b,crotalus-horridus
68642c8410,thamnophis-marcianus
b73f6347cd,pantherophis-spiloides
b3452f1934,thamnophis-elegans
963998afb6,agkistrodon-piscivorus
6dbd0674dd,natrix-natrix
7ed1337bff,agkistrodon-contortrix
55e04b0100,thamnophis-marcianus
a8827df7c1,opheodrys-aestivus
1f393e851f,nerodia-erythrogaster
54d2fa2eda,rhinocheilus-lecontei
d93873fdb7,haldea-striatula
bf1a6aa6aa,thamnophis-radix
7c63285d95,pantherophis-spiloides
ce17bee7ea,pantherophis-guttatus
fa0e46865e,storeria-occipitomaculata
c2ad7b1b76,rhinocheilus-lecontei
6dea60b535,pantherophis-obsoletus
73bda1efb3,haldea-striatula
0a92678115,nerodia-fasciata
8bb0c18e00,heterodon-platirhinos
15f4557735,lampropeltis-californiae
72d0f049bf,pantherophis-emoryi
f35100aade,diadophis-punctatus
d44c8d5314,crotalus-atrox
0fa9fc3183,storeria-dekayi
c484be18d6,thamnophis-sirtalis
d6279d9ecd,pantherophis-vulpinus
a1c21d6672,rhinocheilus-lecontei
bde7c1f5cc,masticophis-flagellum
e1dce31f83,heterodon-platirhinos
227ad5b05c,opheodrys-aestivus
b830d5dbe5,pantherophis-emoryi
ccb79ed307,thamnophis-marcianus
fef6cec454,diadophis-punctatus
b9509d1721,haldea-striatula
6f3af7373d,agkistrodon-piscivorus
57db3594db,lampropeltis-triangulum
2472af6c57,thamnophis-radix
bd43b49990,pantherophis-obsoletus
64b358a9bb,storeria-occipitomaculata
a59422c281,diadophis-punctatus
6cbc15a33e,thamnophis-sirtalis
48a78ec539,storeria-occipitomaculata
ec24a7dba0,pantherophis-emoryi
49734a6ebf,haldea-striatula
01008992e9,storeria-dekayi
11790d01c8,lampropeltis-californiae
40b8fc0e84,agkistrodon-contortrix
14b51564a5,thamnophis-elegans
5a7b351a60,pantherophis-obsoletus
2a7b6c5b9c,thamnophis-sirtalis
26cab4eb5c,thamnophis-elegans
f03aa5df7a,natrix-natrix
b19e082892,diadophis-punctatus
cb82fa561f,thamnophis-radix
902a71bf05,opheodrys-aestivus
7bf3a6739b,pantherophis-obsoletus
8a604f1ddc,masticophis-flagellum
7f926d3284,pantherophis-vulpinus
96958ebf1b,pantherophis-alleghaniensis
9886f29ea0,storeria-occipitomaculata
a151d5bd1d,crotalus-viridis
601a036889,thamnophis-sirtalis
ace74db921,thamnophis-elegans
f92fe5e5b0,rhinocheilus-lecontei
49f08ece45,natrix-natrix
b8c09adadc,crotalus-scutulatus
8b704e36a2,crotalus-atrox
3fd328c40e,natrix-natrix
07a1325194,masticophis-flagellum
559a737051,crotalus-horridus
9784892755,thamnophis-proximus
6b1f376295,crotalus-scutulatus
2e0d21aede,nerodia-sipedon
4cb6776f57,storeria-occipitomaculata
dad51cd1dd,diadophis-punctatus
160ff28e12,nerodia-fasciata
ac2b560e59,lampropeltis-californiae
80960684df,crotalus-ruber
dda7fe77cf,pantherophis-vulpinus
41b6e2b209,thamnophis-sirtalis
4e786381ff,thamnophis-sirtalis
e6f6b08dc0,thamnophis-marcianus
39ae08a8a2,crotalus-scutulatus
07ad933b01,pituophis-catenifer
ab72fae277,pantherophis-vulpinus
17b254d95e,crotalus-scutulatus
d0a8efe351,haldea-striatula
ccf22994e8,pantherophis-spiloides
dc912c11c4,lampropeltis-californiae
cd41d47965,coluber-constrictor
c73f697001,nerodia-sipedon
bf0251ff3c,masticophis-flagellum
42649255bc,thamnophis-radix
293259d508,pantherophis-emoryi
4cc20d0bc8,agkistrodon-contortrix
8fabf4c798,thamnophis-elegans
5d0faf4c7b,pantherophis-emoryi
e739a016b4,heterodon-platirhinos
222f09d68c,crotalus-ruber
a4bf73e176,heterodon-platirhinos
b137ef058f,haldea-striatula
c1039f5273,opheodrys-aestivus
b8c8491cb6,crotalus-ruber
ee31dcdf27,crotalus-atrox
718bc14e1a,nerodia-erythrogaster
67fea1ff7d,thamnophis-radix
e801ee6840,lampropeltis-californiae
8d2b02a4b8,pantherophis-vulpinus
1fff5a46d7,crotalus-scutulatus
045f997c55,pantherophis-obsoletus
c724879503,masticophis-flagellum
ceb38802d8,crotalus-horridus
f54c8489c0,nerodia-erythrogaster
8a1aa78cda,pantherophis-alleghaniensis
a89830d58e,pantherophis-guttatus
857c430acc,thamnophis-marcianus
727d39c386,coluber-constrictor
e46e1ff177,crotalus-horridus
ff36f08f54,pantherophis-alleghaniensis
42b9ebe601,thamnophis-sirtalis
6c2e15cfe3,thamnophis-radix
b0b4a61772,thamnophis-sirtalis
c08388a48f,storeria-dekayi
bbfba08e73,nerodia-sipedon
8d52547e5f,crotalus-atrox
34e6afb98b,heterodon-platirhinos
5d82166868,coluber-constrictor
991a9dbcb3,crotalus-viridis
e0b2962c83,agkistrodon-piscivorus
57050111e0,crotalus-ruber
559ed5ed62,coluber-constrictor
cfa6f0c0ea,nerodia-erythrogaster
68ffd2a53a,pantherophis-vulpinus
b9afe1d694,pantherophis-emoryi
03e5159380,heterodon-platirhinos
7b9765dd01,lampropeltis-californiae
5b1613f007,storeria-occipitomaculata
a48ae72b05,thamnophis-sirtalis
55558305ba,agkistrodon-piscivorus
895249fbf8,diadophis-punctatus
3dcee426bd,agkistrodon-piscivorus
0dffc5dc0a,pantherophis-obsoletus
fbda0ff664,lampropeltis-californiae
47241a7a2f,pantherophis-alleghaniensis
d417d4f631,diadophis-punctatus
23ad837e57,natrix-natrix
6f2c9b0a8e,coluber-constrictor
a01abc8b06,lampropeltis-triangulum
c6ca718826,crotalus-scutulatus
ab888375df,storeria-dekayi
2b1db1ded4,heterodon-platirhinos
fd6832ac73,thamnophis-radix
485a5b3419,pituophis-catenifer
aedeb630da,crotalus-horridus
09f01bb907,pantherophis-emoryi
a763ba3648,haldea-striatula
dc5f2f060a,pantherophis-vulpinus
dd01683edc,nerodia-fasciata
e931b94a50,pantherophis-emoryi
fa58c0f04f,agkistrodon-piscivorus
e2c8b01054,thamnophis-radix
15ddd7bca3,storeria-dekayi
f00a203827,nerodia-erythrogaster
1cc583c86f,thamnophis-elegans
8ae15dfb92,thamnophis-marcianus
71150f768b,crotalus-ruber
0823016b69,masticophis-flagellum
d21d7e61ca,crotalus-atrox
063269761f,lampropeltis-triangulum
700d8ecd83,storeria-dekayi
4d2a67a53b,coluber-constrictor
3292dbb525,opheodrys-aestivus
207bea7c2e,agkistrodon-piscivorus
f47788339e,nerodia-sipedon
79104dbf66,nerodia-sipedon
42378b3f2f,crotalus-scutulatus
2a44495fb7,crotalus-atrox
3e2ea403b2,pantherophis-guttatus
f7e249aed9,thamnophis-radix
b92b1aedcc,heterodon-platirhinos
e1d6453f2b,diadophis-punctatus
cceb5470db,coluber-constrictor
8486c55d6c,thamnophis-elegans
a0dd47833b,pantherophis-guttatus
1e056656bf,natrix-natrix
0b739e266e,thamnophis-radix
0394781976,lampropeltis-californiae
13d58ec6aa,rhinocheilus-lecontei
860bb58cdf,heterodon-platirhinos
9f6fd47396,lampropeltis-californiae
295ab7d70f,pantherophis-alleghaniensis
e0e5b99f06,thamnophis-radix
af99899112,agkistrodon-contortrix
a2d253f06d,crotalus-ruber
db517bd3e6,agkistrodon-piscivorus
6c5e01ce28,agkistrodon-piscivorus
ad94af4567,nerodia-fasciata
a45fc803c9,crotalus-scutulatus
bfae6bd6d5,diadophis-punctatus
688b2608c8,masticophis-flagellum
3aedf03b93,pantherophis-alleghaniensis
2988f6b14e,heterodon-platirhinos
22533e6b71,lampropeltis-triangulum
ff7735def6,nerodia-fasciata
292607026b,lampropeltis-californiae
3ccb420d0c,pantherophis-vulpinus
13a059d87a,thamnophis-radix
3c083b4590,crotalus-atrox
2cefdedb33,pantherophis-spiloides
a60ce6d077,pantherophis-alleghaniensis
5bb72556f9,pituophis-catenifer
9ebfc32ad0,lampropeltis-californiae
f962e3439e,agkistrodon-contortrix
1930c4ef59,thamnophis-marcianus
36ff5e2a56,heterodon-platirhinos
17f7991a24,pantherophis-guttatus
e2852dfcc2,pantherophis-obsoletus
cac1cf0907,agkistrodon-contortrix
6bc32ee53e,storeria-occipitomaculata
6fcc4ea871,thamnophis-marcianus
b4d280970e,pantherophis-alleghaniensis
c0062f2cd3,crotalus-ruber
1debbd0daa,pantherophis-vulpinus
9e7a2e94c4,rhinocheilus-lecontei
b688c60e29,lampropeltis-californiae
9315a4a9e9,haldea-striatula
fb5fc3ff56,pantherophis-alleghaniensis
87608051e5,thamnophis-elegans
b99098909e,coluber-constrictor
47a8ec4f3e,masticophis-flagellum
bd95ef304d,thamnophis-elegans
9b07f3eacf,crotalus-horridus
3412a66683,opheodrys-aestivus
867f2ef9d9,masticophis-flagellum
5b4838e1e5,thamnophis-elegans
6ca03f6d63,haldea-striatula
3f59a08941,thamnophis-proximus
91fb4fb5e5,agkistrodon-piscivorus
825908cce1,coluber-constrictor
9d0d36b4b2,pituophis-catenifer
a869568b74,agkistrodon-contortrix
4bb31fa285,crotalus-ruber
8b8357c908,pantherophis-obsoletus
452124f26d,masticophis-flagellum
820f329919,crotalus-scutulatus
662449a569,agkistrodon-piscivorus
2cb9a689f8,rhinocheilus-lecontei
ac132f5934,storeria-occipitomaculata
55c5a2a0bb,lampropeltis-californiae
77cdc9894e,lampropeltis-californiae
b0669937f2,crotalus-ruber
416e8f5071,thamnophis-radix
044b47bb18,crotalus-viridis
b11275c440,thamnophis-sirtalis
6d644b2b27,nerodia-erythrogaster
fe3fe692d4,crotalus-ruber
57ef22b097,lampropeltis-triangulum
d9fca7fbeb,pantherophis-obsoletus
f3ecca6910,coluber-constrictor
2004e8fe2c,agkistrodon-contortrix
5ed983ebe4,pantherophis-spiloides
0ce29ac201,nerodia-erythrogaster
3327333217,agkistrodon-contortrix
ba126f9814,pituophis-catenifer
58a86e1fbc,pantherophis-emoryi
ce51028899,storeria-occipitomaculata
a075ddf05c,crotalus-atrox
27fe381477,thamnophis-proximus
5fa87ae1fc,pantherophis-spiloides
b5293b81b0,crotalus-ruber
5653096047,nerodia-fasciata
37503e8da9,pantherophis-alleghaniensis
aee44249a7,crotalus-atrox
15003d8072,coluber-constrictor
26ea706d87,crotalus-atrox
b107b5bfec,haldea-striatula
e2fcddeb52,nerodia-erythrogaster
3abfa44d66,thamnophis-radix
575fd1acd4,rhinocheilus-lecontei
4e595ab339,lampropeltis-triangulum
eaedb4aeea,opheodrys-aestivus
f26b948e46,thamnophis-elegans
9f10e1116b,thamnophis-elegans
da3f536aeb,agkistrodon-piscivorus
14265d230f,storeria-occipitomaculata
87403ef53d,thamnophis-elegans
b6ffe43c55,coluber-constrictor
75ebbc0cd3,diadophis-punctatus
b1e89ad24e,thamnophis-proximus
56c9e212e1,agkistrodon-contortrix
c375eaa47c,thamnophis-elegans
9d60408184,agkistrodon-piscivorus
7c700cba7a,crotalus-horridus
4846c2ff38,pantherophis-alleghaniensis
cca13460db,diadophis-punctatus
ace4428288,rhinocheilus-lecontei
f93b01cf67,crotalus-atrox
381cd1d7b0,nerodia-sipedon
30e4144ba5,pituophis-catenifer
c96674a57e,agkistrodon-contortrix
b5fa9c891c,pantherophis-obsoletus
857dc26592,nerodia-erythrogaster
a76c44bb89,nerodia-fasciata
82e701f9a7,pantherophis-guttatus
9e2d9ab3e2,agkistrodon-piscivorus
a8ea06d10f,crotalus-ruber
594cc3fd5a,masticophis-flagellum
66533f8fc8,pantherophis-alleghaniensis
393100f69f,pituophis-catenifer
be611db16b,nerodia-erythrogaster
e5a3e55619,lampropeltis-triangulum
ab227abef4,nerodia-fasciata
f89b383858,crotalus-viridis
bc050ff130,thamnophis-proximus
56c75093dd,nerodia-sipedon
63da8e83a5,storeria-dekayi
ccd7709ba8,heterodon-platirhinos
624a6c0459,thamnophis-radix
f6f493238e,pantherophis-spiloides
8ea489d2ec,pantherophis-guttatus
4414687ddb,haldea-striatula
16768932e7,natrix-natrix
4c3eb5bfb1,pantherophis-vulpinus
29da4e905f,pantherophis-vulpinus
3e77a414cf,pantherophis-spiloides
480178afdb,crotalus-horridus
da1aeaec34,crotalus-viridis
f9d30e7c25,rhinocheilus-lecontei
6c8893e5b9,lampropeltis-californiae
fcb8d0382d,nerodia-rhombifer
5ede340e32,crotalus-horridus
d1ef8c5ebe,pantherophis-vulpinus
20c98b7d75,pantherophis-alleghaniensis
a32ca206e4,pantherophis-obsoletus
b14024890c,pantherophis-guttatus
eadd4b193b,pantherophis-emoryi
1309de6784,coluber-constrictor
8c0ecbc291,agkistrodon-piscivorus
86be30154b,pantherophis-obsoletus
9cb8de814e,pantherophis-obsoletus
5f255f8a6f,thamnophis-elegans
d6ed42c50b,thamnophis-elegans
6ffd88def2,pituophis-catenifer
348d974fa5,thamnophis-sirtalis
6ff13e6eb6,crotalus-scutulatus
d441752d22,diadophis-punctatus
d582a92123,crotalus-scutulatus
fa6146a028,crotalus-atrox
35a1801b68,pantherophis-guttatus
9ecc4721bf,pantherophis-emoryi
7be7d952f8,thamnophis-sirtalis
d58eda8969,crotalus-scutulatus
998a1cbe5a,crotalus-atrox
2f28b83984,pantherophis-spiloides
54126ca78d,crotalus-viridis
d47dbad6f9,crotalus-viridis
b70ed6998c,lampropeltis-californiae
351a52d327,pantherophis-spiloides
66c69c2d1a,diadophis-punctatus
e09b662bd5,agkistrodon-piscivorus
f457c263c5,crotalus-atrox
1996c3c0a0,pituophis-catenifer
80c77ea095,nerodia-sipedon
8fea7a6f67,crotalus-ruber
e496c7ae34,crotalus-ruber
c33c94bd3d,coluber-constrictor
356311d35c,crotalus-viridis
00fefc891d,opheodrys-aestivus
4d8e2d733d,thamnophis-marcianus
8b16f8a4e1,pantherophis-emoryi
c606bb7282,thamnophis-radix
07265abede,coluber-constrictor
b5171d3348,pantherophis-alleghaniensis
00a3b82892,pantherophis-emoryi
e9b38ba43f,thamnophis-marcianus
27046a7f7d,diadophis-punctatus
325e2a718c,pituophis-catenifer
bd3de164e8,pantherophis-spiloides
05bbc5070b,rhinocheilus-lecontei
fe4bdf4f63,pantherophis-alleghaniensis
f4459bc74a,lampropeltis-californiae
77dd465e89,nerodia-fasciata
9db61dea8b,lampropeltis-californiae
d66c3f3d34,diadophis-punctatus
986467ee6d,crotalus-ruber
bc055cfcf1,agkistrodon-contortrix
febc601a64,agkistrodon-piscivorus
4fb62fe5f4,haldea-striatula
5c0dcbb923,agkistrodon-piscivorus
e405656b1b,pantherophis-obsoletus
89ac32a56d,thamnophis-elegans
e037e771c3,crotalus-ruber
dd13ef5784,thamnophis-sirtalis
f5f14dcdd2,agkistrodon-contortrix
7d40454b7b,nerodia-erythrogaster
cbe325ab91,masticophis-flagellum
8b8f0dd5e6,crotalus-scutulatus
fc58e19ca0,pantherophis-obsoletus
5e0fe76874,crotalus-ruber
e42020f71e,storeria-dekayi
6ee21f4bbc,agkistrodon-piscivorus
7e25f7155c,thamnophis-elegans
aba879e0f7,rhinocheilus-lecontei
79e730fef9,pituophis-catenifer
2d0a449a11,thamnophis-elegans
ddeaf09179,thamnophis-elegans
50a7c39fb7,lampropeltis-californiae
018c739beb,pantherophis-emoryi
fc94ed1d6d,pantherophis-emoryi
230c70d896,crotalus-horridus
d2084ae837,thamnophis-marcianus
580f638042,nerodia-erythrogaster
cd8dc76a5a,pantherophis-spiloides
c8ca8f0048,lampropeltis-californiae
ef1690ca4f,pantherophis-alleghaniensis
d484524f6a,thamnophis-marcianus
3e12eda545,thamnophis-marcianus
2874500090,haldea-striatula
279efc0706,pantherophis-alleghaniensis
ff8722be40,diadophis-punctatus
d1741bbdfa,pantherophis-alleghaniensis
277dc08855,thamnophis-elegans
79ce251e0a,nerodia-fasciata
ec2cb44a7f,pantherophis-emoryi
f13f3085ae,nerodia-erythrogaster
368907beeb,opheodrys-aestivus
cbb770ff5a,crotalus-ruber
543995ea87,opheodrys-aestivus
07624666fb,thamnophis-proximus
bd32389689,pantherophis-emoryi
f22cb96859,coluber-constrictor
0a78ca4bcb,pantherophis-spiloides
d6a80b7b94,crotalus-viridis
ebcbf1382f,agkistrodon-contortrix
c334072feb,coluber-constrictor
2e97263a6b,agkistrodon-piscivorus
77321df6c5,storeria-occipitomaculata
779248244f,lampropeltis-californiae
8f336f0634,pantherophis-spiloides
7bf2980a9d,nerodia-sipedon
4bbc8c4bcb,storeria-dekayi
e4827f9295,crotalus-horridus
bdbd9d005c,haldea-striatula
8b9db7077f,thamnophis-marcianus
ca33c6d5ad,pituophis-catenifer
2abb924a58,rhinocheilus-lecontei
ccdceb7b04,pantherophis-obsoletus
1c53a0e9af,lampropeltis-triangulum
9d5e6df395,pantherophis-alleghaniensis
14766b3230,thamnophis-proximus
336c730066,lampropeltis-californiae
b4f2848f54,pantherophis-guttatus
c7c9fdada6,pantherophis-obsoletus
2ea0beae2d,pantherophis-alleghaniensis
093655b322,crotalus-ruber
5eab328c5b,nerodia-fasciata
5955a29848,nerodia-sipedon
07437a1fe8,pituophis-catenifer
f63b571452,lampropeltis-californiae
2632a10a71,coluber-constrictor
274fd61c14,thamnophis-elegans
a7f5375ba7,crotalus-scutulatus
f037d55664,nerodia-rhombifer
138924be68,natrix-natrix
acd563d446,storeria-occipitomaculata
4b381d7348,crotalus-atrox
0ae45b5aaa,nerodia-sipedon
a853ecfce0,natrix-natrix
f7ab9a3e13,pantherophis-guttatus
231da2602e,thamnophis-proximus
48ac7f1c7d,thamnophis-sirtalis
770de8c393,agkistrodon-piscivorus
2049112874,agkistrodon-contortrix
d5c6a36fb3,nerodia-fasciata
5d5286410a,crotalus-ruber
fbd2e05f9d,agkistrodon-contortrix
5cb1e77e60,crotalus-ruber
016c384a1a,agkistrodon-contortrix
7b7a456cd9,heterodon-platirhinos
99e3cdcc39,lampropeltis-triangulum
a3df4a6366,pituophis-catenifer
3b99bf84d6,pantherophis-emoryi
59cd4c4417,pantherophis-vulpinus
a44d993fbe,pantherophis-alleghaniensis
806789a916,pantherophis-spiloides
10c35c9661,agkistrodon-piscivorus
d5998a22fb,pantherophis-guttatus
f08e8cb28b,pantherophis-obsoletus
d931cd921f,pantherophis-guttatus
5ab3fc3b21,pantherophis-obsoletus
9310ca3b13,pantherophis-emoryi
990d9f9cc7,pantherophis-alleghaniensis
b883a88123,diadophis-punctatus
659e1304ed,thamnophis-proximus
632568f983,thamnophis-sirtalis
82b4daee47,agkistrodon-piscivorus
9e08e2e7c0,thamnophis-elegans
995da4bdfe,nerodia-rhombifer
9ba5f59e0d,crotalus-scutulatus
ecc2bff41e,haldea-striatula
48807c6a7f,thamnophis-elegans
f9bfc13a70,coluber-constrictor
0bc8c8b3d9,pantherophis-guttatus
9cd4b65c2c,thamnophis-elegans
511dffe7d2,pantherophis-spiloides
0d885db042,haldea-striatula
10ff7e57d3,natrix-natrix
b9551ebdb5,lampropeltis-triangulum
bb4acca82d,thamnophis-sirtalis
6a5c796675,lampropeltis-californiae
3ccba0002a,lampropeltis-californiae
521a24cb0a,thamnophis-sirtalis
7db0e926a2,crotalus-horridus
82335fe2c5,pantherophis-spiloides
5f9a9502e6,storeria-dekayi
10cea40844,storeria-occipitomaculata
a370764eb5,agkistrodon-contortrix
f5f5fa2cb8,storeria-occipitomaculata
662387370b,storeria-occipitomaculata
c68022554f,crotalus-viridis
c36db9f26d,nerodia-sipedon
cbfddc9c88,pantherophis-guttatus
cc51485193,thamnophis-radix
ca424e0558,crotalus-ruber
af114ec554,diadophis-punctatus
cbd8652fef,lampropeltis-triangulum
80da121cf4,agkistrodon-piscivorus
108da1072a,lampropeltis-californiae
66f17263f8,nerodia-rhombifer
f5752a0f0a,storeria-dekayi
e7e867160a,nerodia-rhombifer
ca291a5737,lampropeltis-triangulum
7f8c875465,thamnophis-radix
195a2f4c3a,pantherophis-vulpinus
2757eb8bbd,masticophis-flagellum
53d596c447,thamnophis-sirtalis
18a07e89ac,rhinocheilus-lecontei
1c806c5b9b,crotalus-viridis
a8fae46a5a,rhinocheilus-lecontei
eab9b89ad9,rhinocheilus-lecontei
3afe948592,storeria-occipitomaculata
7230d4cc69,pituophis-catenifer
35e116cab9,thamnophis-sirtalis
f7cf344e61,pituophis-catenifer
113f968224,masticophis-flagellum
b1fb6982cd,diadophis-punctatus
d50bdf5b2d,pantherophis-guttatus
5c818f58a7,storeria-occipitomaculata
533805ace7,thamnophis-marcianus
783d628cbf,pantherophis-spiloides
543bb54091,crotalus-horridus
59411ea382,crotalus-atrox
7326d26554,pantherophis-vulpinus
5b848633ea,pantherophis-emoryi
a1ba32ac3d,agkistrodon-piscivorus
c368ede9c3,thamnophis-marcianus
f1bae12c32,nerodia-sipedon
534d81b3e3,natrix-natrix
91a95ef9cb,crotalus-ruber
78eac1ae97,agkistrodon-piscivorus
f05faa4bb1,haldea-striatula
f748cf3f7e,agkistrodon-piscivorus
142141ec62,pantherophis-guttatus
c52ac38aa0,pantherophis-obsoletus
2c6828452e,crotalus-atrox
36cc932452,thamnophis-elegans
459bff3c88,crotalus-viridis
c75bd067fd,natrix-natrix
379c96f9ac,thamnophis-proximus
65ba6853da,crotalus-atrox
0db0392426,agkistrodon-contortrix
b095d3ea2d,storeria-occipitomaculata
3415603d3c,pantherophis-alleghaniensis
dafd6dd941,masticophis-flagellum
a7bce1f266,opheodrys-aestivus
c6a741646d,thamnophis-elegans
60dcbd5c62,lampropeltis-triangulum
f8f3d41360,crotalus-viridis
9b5e5fd103,pantherophis-emoryi
08f107e1e0,storeria-dekayi
d96a2f8208,pantherophis-spiloides
b03b72c2eb,thamnophis-sirtalis
c4b9384f10,thamnophis-elegans
6f2637eba0,crotalus-ruber
e7fbaf1783,pantherophis-guttatus
2b07b7f1fc,crotalus-viridis
22784e30bd,crotalus-viridis
fc99bec64d,crotalus-scutulatus
e759f3eb2e,coluber-constrictor
9b56093388,thamnophis-elegans
985cdf296c,heterodon-platirhinos
af183d1608,nerodia-sipedon
ebf7de46e9,storeria-dekayi
043d5f3770,pantherophis-emoryi
0b36bcded4,crotalus-viridis
01ef98f8e1,haldea-striatula
47efeda4fa,pantherophis-vulpinus
fa62eae8c5,nerodia-rhombifer
3da4f0bcba,pantherophis-spiloides
817a7ca50c,thamnophis-marcianus
4bb367498c,pituophis-catenifer
aca563e081,pantherophis-spiloides
c6db7228bb,nerodia-sipedon
8e4a48cec4,crotalus-atrox
a3da69708a,pantherophis-vulpinus
b142b8a891,agkistrodon-piscivorus
4142bb2db1,crotalus-horridus
db3125c33e,nerodia-rhombifer
5a2623981f,crotalus-viridis
4b63db7a28,pituophis-catenifer
5a67e89081,nerodia-rhombifer
b250c512df,nerodia-sipedon
d952649529,nerodia-fasciata
3ac12b3402,rhinocheilus-lecontei
6b15e3ec5f,natrix-natrix
e4fa7fdae2,pantherophis-guttatus
3c79a2b1b5,diadophis-punctatus
63d96d44bd,thamnophis-sirtalis
dc0f71785b,pantherophis-spiloides
3715978259,pituophis-catenifer
5c02da1538,thamnophis-radix
a56a6fe0a7,pantherophis-guttatus
1ca029bf84,lampropeltis-californiae
053bbbfcb7,agkistrodon-piscivorus
3a231f98df,pituophis-catenifer
ef3c60bc6b,nerodia-sipedon
82c4e51f8a,agkistrodon-contortrix
2c9e196186,pituophis-catenifer
7c712866ff,nerodia-erythrogaster
fa72b3fe67,haldea-striatula
2b8d448683,crotalus-horridus
a75b4f3fb0,coluber-constrictor
7f2892af39,haldea-striatula
9877d40edb,heterodon-platirhinos
603192bd4c,pituophis-catenifer
44a1a3e35f,storeria-dekayi
9b5096caa1,opheodrys-aestivus
8dc1f0796e,coluber-constrictor
53e70d9cee,coluber-constrictor
1b8242b960,rhinocheilus-lecontei
03158930ae,masticophis-flagellum
6039af7619,thamnophis-sirtalis
190a575a41,heterodon-platirhinos
2fc944bb61,rhinocheilus-lecontei
d23b088919,nerodia-sipedon
f17ff6178e,nerodia-fasciata
401f315389,heterodon-platirhinos
bd2046b98f,diadophis-punctatus
64808b2252,haldea-striatula
abc0495ee8,crotalus-viridis
cb9f92f658,pantherophis-emoryi
7289b39618,thamnophis-sirtalis
d04605b05d,crotalus-viridis
5cc447b09a,crotalus-viridis
902ba5f792,crotalus-horridus
a0c3ea95cd,natrix-natrix
93238c9b55,storeria-occipitomaculata
9510d33970,pantherophis-vulpinus
cc01857305,lampropeltis-californiae
c379d985be,lampropeltis-californiae
30d87fe508,storeria-dekayi
d49df213b1,pantherophis-emoryi
9262535d19,nerodia-sipedon
954cf7d09a,pantherophis-guttatus
07adf1b336,nerodia-fasciata
25b2fbd6ca,pantherophis-vulpinus
d67ee11156,pantherophis-obsoletus
4bb9005883,thamnophis-radix
d26718bf1b,pantherophis-emoryi
f553f2da1c,crotalus-atrox
4bef4cae1b,nerodia-sipedon
cc4949ffe3,nerodia-rhombifer
8cffcf426d,thamnophis-sirtalis
17bff00b28,pituophis-catenifer
e7b04cfe8c,crotalus-scutulatus
910ad43321,pantherophis-alleghaniensis
14b9be3fc8,thamnophis-proximus
d210b0b664,opheodrys-aestivus
c20c4fedeb,crotalus-viridis
7aa2349bd4,lampropeltis-triangulum
22ee6908b7,agkistrodon-piscivorus
99d080b04b,agkistrodon-piscivorus
91111d3298,storeria-dekayi
bcaa37e00c,nerodia-rhombifer
e8e4c7fbb1,thamnophis-marcianus
ad27b3dc95,pantherophis-alleghaniensis
96c0e968cf,pantherophis-obsoletus
c935ce3db7,nerodia-sipedon
b6f53fbd8e,pantherophis-obsoletus
3f8b54c5b8,lampropeltis-californiae
4c885eabe4,crotalus-ruber
2786b3576c,nerodia-sipedon
a466efd69d,pantherophis-guttatus
407c2c9dda,pantherophis-alleghaniensis
3565b03095,crotalus-atrox
6e9284955c,thamnophis-marcianus
8ed99e4c86,crotalus-atrox
a5e69edc4b,thamnophis-sirtalis
4e6c995bef,pantherophis-obsoletus
5ae9d343e8,coluber-constrictor
e25a32c987,pantherophis-alleghaniensis
b30e722d22,pituophis-catenifer
5afeda65d0,crotalus-horridus
18ad85f471,thamnophis-radix
39927cfbaa,pantherophis-vulpinus
7b692d1127,diadophis-punctatus
84fcbb8e68,thamnophis-proximus
14ae30c15b,nerodia-erythrogaster
a603faa96e,lampropeltis-triangulum
cd279c6a32,opheodrys-aestivus
6aec488970,masticophis-flagellum
4702bb06b2,opheodrys-aestivus
9f1f0c4d77,coluber-constrictor
37d255ba5a,masticophis-flagellum
9270b2e18c,crotalus-viridis
38d6a2113a,masticophis-flagellum
c0f77950f7,pantherophis-emoryi
86a6eb367c,lampropeltis-californiae
3ad0cabc18,thamnophis-elegans
59b1221597,crotalus-atrox
1012f2362a,natrix-natrix
daac1e1960,pantherophis-spiloides
b1cb0097f1,pantherophis-emoryi
073e9ff640,lampropeltis-triangulum
3105af6b71,pantherophis-obsoletus
c2cbb5ab68,nerodia-erythrogaster
8bd5db2b2b,opheodrys-aestivus
6e0adfbf99,rhinocheilus-lecontei
ebfb1532ab,nerodia-sipedon
7120a62958,crotalus-horridus
c15675b887,thamnophis-proximus
9604596853,crotalus-atrox
f2bc584e0b,coluber-constrictor
5ab91cb2ee,diadophis-punctatus
a1177f99c4,coluber-constrictor
8c6e0cc938,crotalus-viridis
ff85bf00f2,crotalus-horridus
35dba4ac51,crotalus-horridus
77cb900136,haldea-striatula
f29d659e71,diadophis-punctatus
e9bb397147,lampropeltis-californiae
6f7f36069e,pantherophis-spiloides
07989fe1c3,pantherophis-spiloides
768a99b9e5,nerodia-erythrogaster
5512ed611d,crotalus-ruber
b598056f93,thamnophis-radix
8456d0ce23,crotalus-scutulatus
f75b87d80d,crotalus-scutulatus
d69f21de4e,pantherophis-emoryi
27163ec202,pantherophis-obsoletus
414c6c1e8c,thamnophis-proximus
d11bd5b048,pantherophis-spiloides
99206af14b,coluber-constrictor
d5cb6099b8,pantherophis-alleghaniensis
9f06ab71ae,pantherophis-guttatus
ec7281cd7c,natrix-natrix
c2e01b4390,nerodia-rhombifer
6a3c1344c4,heterodon-platirhinos
8aba528ea0,agkistrodon-piscivorus
0136882c08,natrix-natrix
83bf58f0b1,masticophis-flagellum
0557d01771,nerodia-rhombifer
97022292ea,thamnophis-marcianus
f6cc3d20e0,nerodia-sipedon
f45f8ee077,masticophis-flagellum
357c52b2f0,pantherophis-emoryi
90c8498d65,nerodia-erythrogaster
aa3c457150,nerodia-rhombifer
1ce0e88a44,pantherophis-alleghaniensis
e218ba88c9,pituophis-catenifer
57cec6689a,agkistrodon-piscivorus
6a5112a54d,crotalus-atrox
ac9117b886,pituophis-catenifer
2540a21720,storeria-occipitomaculata
dd169804df,nerodia-sipedon
c237e67115,lampropeltis-triangulum
fe298a3058,nerodia-fasciata
4cc3b7adf3,nerodia-sipedon
6b81c6a99c,storeria-occipitomaculata
e2009dad0c,diadophis-punctatus
08765181d5,pantherophis-vulpinus
5e8c069be7,pantherophis-alleghaniensis
9339f7c45b,pantherophis-obsoletus
ab978ec9f5,pituophis-catenifer
0a308984b0,storeria-dekayi
4b444a7450,thamnophis-proximus
e985579c1c,crotalus-viridis
a67125bb01,crotalus-atrox
2efa69a2f5,crotalus-scutulatus
b8cc1ff52b,nerodia-sipedon
5c2a00b326,masticophis-flagellum
88c9895e1d,pantherophis-alleghaniensis
85a138a2b1,masticophis-flagellum
031021f64c,nerodia-erythrogaster
afc6314ff1,lampropeltis-californiae
2e6564e977,pantherophis-emoryi
26492ca0f0,storeria-occipitomaculata
8830373ae9,crotalus-horridus
c834e92d7b,heterodon-platirhinos
1ae509bbff,pantherophis-emoryi
1edb40263d,pantherophis-spiloides
28ed4d6904,thamnophis-marcianus
2597f7e76d,nerodia-erythrogaster
3b7ab4e0d8,pantherophis-spiloides
82b1d44782,nerodia-rhombifer
9000233532,crotalus-viridis
a0da4b8579,thamnophis-radix
7f8365af3d,thamnophis-marcianus
f178404533,nerodia-rhombifer
da99774679,natrix-natrix
635181b9d2,masticophis-flagellum
81176ee1c5,pantherophis-guttatus
aae5d3dda7,crotalus-atrox
7e52574588,nerodia-rhombifer
33b4f8c6ee,pituophis-catenifer
929d07dc6c,pituophis-catenifer
6d39dfc724,pantherophis-guttatus
2d6aff49e2,diadophis-punctatus
372bc68670,pantherophis-obsoletus
ec60c2ed8a,crotalus-ruber
62d1292fff,thamnophis-radix
a020682646,storeria-dekayi
2006370aad,crotalus-ruber
ccf697d8ee,crotalus-scutulatus
482495a29c,haldea-striatula
ebee509f76,rhinocheilus-lecontei
ec5bf8fc94,storeria-dekayi
ff2bb74401,agkistrodon-contortrix
9687257d87,natrix-natrix
1672540ff2,thamnophis-sirtalis
40f8894ab0,crotalus-scutulatus
eeeb364f80,nerodia-erythrogaster
17b6bccd26,crotalus-scutulatus
6b5fdb070a,nerodia-rhombifer
fb2fc7f287,storeria-occipitomaculata
bc238794f9,agkistrodon-contortrix
93447ffb77,storeria-dekayi
c508eadaf2,pantherophis-obsoletus
cf457786fd,nerodia-fasciata
4c47136817,storeria-dekayi
f5215fb122,crotalus-atrox
36f8a53278,pantherophis-vulpinus
da4b78e030,nerodia-fasciata
3857f94d7f,crotalus-viridis
95aa99daf1,nerodia-fasciata
2f71e4dbc5,thamnophis-proximus
494fb17d3f,pantherophis-emoryi
2783f6e72e,thamnophis-proximus
0a1cb5c228,nerodia-fasciata
ee9f2b0478,nerodia-erythrogaster
ea7589812a,pantherophis-guttatus
0bec79eaff,crotalus-scutulatus
594372deba,agkistrodon-piscivorus
b48d02b277,pantherophis-alleghaniensis
6143211fb1,agkistrodon-piscivorus
9ccf3dc324,nerodia-fasciata
3ab63ae9ff,pantherophis-spiloides
155a2f53cf,coluber-constrictor
dfada263c6,thamnophis-sirtalis
4932b1089d,thamnophis-elegans
6d58bdcf39,heterodon-platirhinos
734cb7f4b6,nerodia-sipedon
e1f9280372,agkistrodon-contortrix
86f3c1735d,lampropeltis-californiae
07c9d2aa3b,pantherophis-emoryi
7683989c81,pantherophis-guttatus
2890dcea84,thamnophis-radix
ef9804663f,thamnophis-sirtalis
6af9df245c,crotalus-ruber
f1c06381a3,thamnophis-proximus
2d28192243,lampropeltis-californiae
9896a79a1d,opheodrys-aestivus
9a9ae8f452,nerodia-fasciata
de6161fc29,pantherophis-emoryi
2a74549a83,thamnophis-elegans
5dfc97da50,masticophis-flagellum
b79cdcde09,pantherophis-emoryi
412b9deed5,pantherophis-vulpinus
827ade5a7b,thamnophis-marcianus
018a9dc8d3,agkistrodon-contortrix
98707250c7,pantherophis-guttatus
7c81f46daf,coluber-constrictor
ae0e1c4a78,masticophis-flagellum
a2ff49924c,haldea-striatula
2c92388500,opheodrys-aestivus
fb5ea6dd78,heterodon-platirhinos
c795f9a09c,lampropeltis-triangulum
96964b08d8,thamnophis-marcianus
82f95efa2b,haldea-striatula
b3937b0554,pantherophis-obsoletus
1b6152c43b,agkistrodon-piscivorus
97a30ec6dd,nerodia-sipedon
dece1935ee,crotalus-atrox
4653c6fd7c,nerodia-sipedon
eca3e3a92b,thamnophis-radix
96e30cfac5,thamnophis-proximus
d1f106e978,diadophis-punctatus
657db6cb59,rhinocheilus-lecontei
31038dddc5,agkistrodon-piscivorus
4511368f4f,crotalus-viridis
4fca272540,pantherophis-vulpinus
961f8aa971,pantherophis-vulpinus
41e50ec9ca,crotalus-ruber
ad2a1a1ce2,agkistrodon-piscivorus
92b9fd66a7,pantherophis-vulpinus
b2cb283e6a,opheodrys-aestivus
a128fcabc1,haldea-striatula
01cdc5a346,crotalus-scutulatus
6f6c719cd8,pituophis-catenifer
7b073b871d,thamnophis-marcianus
fb161a2da0,nerodia-fasciata
8639fe5b0f,nerodia-fasciata
6c514aa440,lampropeltis-triangulum
4e410fc7b2,pantherophis-emoryi
c447daa98a,heterodon-platirhinos
33327a3289,nerodia-erythrogaster
0e00591aa0,nerodia-sipedon
c639c6450f,nerodia-sipedon
fd7f5407f9,haldea-striatula
30379927e5,thamnophis-radix
faee0c2011,rhinocheilus-lecontei
8a40ad504a,opheodrys-aestivus
8b88fdf313,pantherophis-obsoletus
5f46d656ec,heterodon-platirhinos
316bdbcb02,thamnophis-proximus
e72a84360b,nerodia-erythrogaster
b639c34385,thamnophis-marcianus
37169c7bb0,opheodrys-aestivus
3addd707c9,pantherophis-guttatus
8cfc6dd3fc,nerodia-rhombifer
a2bfde867b,crotalus-ruber
22bddb0584,nerodia-sipedon
4190fde1f9,haldea-striatula
3d0d434f77,nerodia-sipedon
f01f1bf65f,agkistrodon-contortrix
5ac87d5d17,thamnophis-marcianus
3e3c7d6a97,thamnophis-marcianus
40b6a032cf,thamnophis-sirtalis
b68524273d,diadophis-punctatus
ab9310747f,storeria-dekayi
cf0eb86b3b,thamnophis-radix
e82ae7b777,nerodia-sipedon
0124071f58,pantherophis-spiloides
37acecc0dd,thamnophis-proximus
23c8856939,pantherophis-alleghaniensis
40ae26e406,agkistrodon-contortrix
4af1ee7c2d,coluber-constrictor
3fee6efbe8,pantherophis-obsoletus
2d29d24cdb,thamnophis-sirtalis
0d39054a9c,nerodia-fasciata
25f552c213,storeria-occipitomaculata
9a9ff1f37e,coluber-constrictor
9685d88cba,crotalus-viridis
95f1a02753,masticophis-flagellum
c9cec706f3,opheodrys-aestivus
d842503f72,pantherophis-alleghaniensis
3ae45feeeb,storeria-occipitomaculata
5179b57412,storeria-occipitomaculata
ff0d5db8c9,storeria-dekayi
c47ad4521c,thamnophis-proximus
4086ec30bf,thamnophis-marcianus
fb500e597c,coluber-constrictor
0fdca857ba,heterodon-platirhinos
16e3dff323,crotalus-scutulatus
70463ea3f3,pantherophis-vulpinus
9de805091c,thamnophis-radix
3e2ba8887b,opheodrys-aestivus
0a238c03e4,crotalus-viridis
8c27c26f9f,pantherophis-alleghaniensis
447e96a831,pantherophis-alleghaniensis
4c173568d9,pantherophis-vulpinus
5948054f6e,nerodia-sipedon
cfb9943f32,pantherophis-guttatus
0989b197e5,lampropeltis-triangulum
93d698c9bb,haldea-striatula
40ff71dcbb,crotalus-scutulatus
ddb3ee4efc,thamnophis-proximus
94b92dedec,thamnophis-marcianus
14da1fc791,crotalus-atrox
e97587c12c,rhinocheilus-lecontei
50e33fc24f,natrix-natrix
2d146d1f12,pantherophis-obsoletus
2e359108b2,crotalus-viridis
55a884982c,pantherophis-alleghaniensis
cc40d66bfb,pantherophis-vulpinus
a8f470944a,nerodia-sipedon
b83f491562,coluber-constrictor
45cdae2a4e,crotalus-horridus
2c92500ad7,crotalus-scutulatus
380f7deecf,nerodia-sipedon
9059623576,lampropeltis-triangulum
276c2680f9,haldea-striatula
2fa9ef0310,rhinocheilus-lecontei
d0c7913d75,masticophis-flagellum
9ce405566f,agkistrodon-piscivorus
c98b81ad8a,pantherophis-spiloides
e3aa373714,rhinocheilus-lecontei
1e4f536605,thamnophis-sirtalis
ec209ef519,pantherophis-emoryi
582700d0c7,pantherophis-obsoletus
7727cb44a1,rhinocheilus-lecontei
bc92129dc2,crotalus-atrox
d92656ecc3,nerodia-fasciata
d76ff1ac44,opheodrys-aestivus
3034db32e1,opheodrys-aestivus
35b6982636,pituophis-catenifer
1ac3b66cc3,pantherophis-guttatus
36534fcac5,crotalus-atrox
10b1acb0b6,storeria-dekayi
54dcbb96e0,nerodia-sipedon
731da2fb12,agkistrodon-contortrix
dce52386f5,pantherophis-obsoletus
18b89918ca,opheodrys-aestivus
839899700a,pituophis-catenifer
84614e40b8,pantherophis-emoryi
a7723f7ef4,crotalus-scutulatus
1d8ea15457,thamnophis-marcianus
a487c28099,storeria-occipitomaculata
7240b699f4,nerodia-fasciata
8a759fc288,pantherophis-vulpinus
13b138dcc4,thamnophis-sirtalis
f7be9664a7,haldea-striatula
641a4f65bc,coluber-constrictor
bd4f7d349e,crotalus-atrox
000e2d0a91,storeria-dekayi
ce502ba8a0,thamnophis-sirtalis
97d93358ab,pantherophis-spiloides
46f9560c99,thamnophis-radix
5888a3e522,agkistrodon-piscivorus
84d4a08b93,nerodia-sipedon
8293286f7c,crotalus-scutulatus
4c01b5b8ba,rhinocheilus-lecontei
13854590ea,pantherophis-alleghaniensis
1a019b53b3,coluber-constrictor
7f2637a665,thamnophis-proximus
46d28d1bf2,diadophis-punctatus
ba4c35ebf2,nerodia-sipedon
c4476648be,rhinocheilus-lecontei
0e8f2965b4,coluber-constrictor
e4bcba036b,lampropeltis-triangulum
dc6f3721ba,haldea-striatula
e9b8444822,lampropeltis-triangulum
02eda2c865,lampropeltis-californiae
32edd9e217,heterodon-platirhinos
0a23c6dbed,crotalus-scutulatus
0138d2cb1a,thamnophis-elegans
a265b17556,crotalus-viridis
5360e19610,crotalus-scutulatus
6929c425fd,pituophis-catenifer
d1006244a6,nerodia-rhombifer
561e39734f,agkistrodon-contortrix
8f31a0a689,diadophis-punctatus
7012d40d2f,crotalus-ruber
7a35c857bc,heterodon-platirhinos
f77e1aa99f,masticophis-flagellum
75252599b9,nerodia-erythrogaster
4af6d73d49,storeria-dekayi
cd7d579dab,thamnophis-sirtalis
7b0ad73599,thamnophis-radix
34b33a11fa,nerodia-sipedon
3170f538d1,lampropeltis-triangulum
8586ab31a9,pantherophis-spiloides
08acf2e47d,pituophis-catenifer
b1286d3868,pituophis-catenifer
2d0f08fa36,rhinocheilus-lecontei
a0b9ba917f,nerodia-fasciata
f40abd0edf,storeria-occipitomaculata
3bd72284b8,nerodia-fasciata
8b5cd0f884,thamnophis-proximus
f8e59232c8,pituophis-catenifer
572c5c3520,coluber-constrictor
957c00b573,crotalus-atrox
93e591cb23,agkistrodon-piscivorus
68a603b39d,crotalus-scutulatus
4f472510f3,thamnophis-radix
d6884444ae,crotalus-horridus
c0fa7df5de,pantherophis-emoryi
